0,"5,3,0,2,2,6,0,4,3,0,6,4,3,4,2,0,4,4,3,5"
1,"1,0,3,6,4,6,5,2,0,2,6,4,6,2,4,6,6,0,6,4"
2,"2,1,0,1,5,2,5,5,5,3,3,4,2,1,2,6,2,2,0,6"
3,"0,3,3,4,0,0,2,2,3,6,0,0,5,6,6,6,6,0,4,1"
4,"0,4,1,1,5,2,1,2,4,2,2,0,0,5,5,6,3,0,2,2"
5,"3,3,4,0,5,4,0,1,0,3,2,5,5,2,5,5,6,4,2,6"
6,"1,1,5,5,5,0,5,1,1,5,6,3,5,4,2,0,0,0,3,6"
7,"3,0,2,3,5,6,0,5,0,0,1,0,3,4,1,5,2,2,0,3"
8,"4,6,0,4,4,0,1,4,4,4,4,2,1,0,6,3,4,3,5,0"
9,"4,0,2,4,2,2,6,2,3,3,2,1,3,6,6,3,0,3,2,5"
10,"2,3,0,3,6,6,6,1,2,5,0,5,0,2,1,4,6,4,1,5"
11,"3,2,0,6,5,1,5,2,5,0,4,0,3,3,0,5,5,6,3,2"
12,"4,2,0,4,2,0,4,6,0,2,4,1,4,1,6,0,0,3,3,4"
13,"3,1,5,3,0,6,0,4,4,4,2,3,1,2,5,5,3,3,5,4"
14,"3,0,1,0,0,1,0,3,6,6,3,4,0,3,6,4,4,3,4,2"
15,"1,3,6,4,0,4,6,2,5,2,5,2,2,5,5,5,4,3,5,2"
16,"2,5,4,0,1,2,1,5,0,0,5,1,4,3,0,3,6,0,6,3"
17,"6,0,6,3,3,0,5,6,5,5,4,5,2,5,0,3,3,6,2,3"
18,"3,1,0,4,0,5,6,6,6,4,0,2,0,1,4,0,5,2,0,5"
19,"1,5,2,1,4,1,0,0,5,1,4,3,2,2,4,4,6,5,6,4"
20,"3,4,6,5,6,6,4,3,5,0,6,2,5,4,0,3,6,6,6,2"
21,"2,4,0,0,2,5,4,6,0,6,0,3,5,0,2,5,0,0,6,2"
22,"1,0,3,4,5,4,0,0,0,0,0,2,1,0,6,1,1,0,6,1"
23,"3,3,2,1,0,4,4,1,3,3,6,2,6,3,5,6,3,5,5,4"
24,"1,1,2,1,0,1,6,3,0,6,3,6,4,2,3,6,3,5,4,2"
25,"4,6,2,5,1,1,0,5,0,2,6,6,5,5,2,1,5,5,1,6"
26,"1,0,3,3,5,4,2,4,0,3,3,3,2,6,3,4,6,3,1,5"
27,"5,3,5,2,0,1,6,1,2,2,0,2,3,3,3,2,6,5,1,1"
28,"3,2,6,0,0,1,6,5,1,5,0,6,2,4,3,6,0,1,4,0"
29,"6,6,0,5,3,2,1,1,4,0,0,1,0,6,2,4,3,1,6,2"
30,"4,0,4,1,1,4,4,6,2,6,1,2,6,2,0,5,6,6,1,4"
31,"2,0,3,1,6,3,1,0,6,4,0,0,1,4,2,4,4,0,2,1"
32,"5,4,3,5,6,1,5,5,1,6,0,3,4,3,3,6,5,0,4,4"
33,"1,4,0,0,3,6,4,4,5,6,0,6,4,4,3,0,2,5,5,0"
34,"1,1,5,2,3,0,0,4,1,5,6,1,6,2,4,5,0,6,6,6"
35,"2,3,0,1,6,2,4,2,0,3,3,5,5,2,2,3,4,0,4,5"
36,"4,5,2,5,0,6,5,4,4,0,4,3,4,6,6,6,2,1,6,6"
37,"3,0,6,6,5,0,6,3,3,6,0,4,6,2,5,2,6,3,3,2"
38,"5,5,6,0,2,3,0,4,1,0,5,0,5,4,5,3,0,0,0,6"
39,"2,1,0,5,0,2,2,1,5,6,1,5,2,4,1,0,2,3,2,5"
40,"1,4,4,6,0,5,1,6,3,4,0,5,1,0,0,6,6,3,0,3"
41,"1,6,0,2,6,6,0,4,2,0,6,1,1,5,3,3,3,6,6,5"
42,"0,4,6,2,5,2,4,6,0,2,1,0,2,6,4,5,0,3,3,4"
43,"4,4,5,2,4,6,0,2,1,6,3,1,5,0,2,5,4,1,5,1"
44,"3,3,4,0,5,5,1,5,1,3,3,6,6,2,4,4,5,2,5,3"
45,"6,6,6,5,6,6,5,6,6,3,2,0,2,3,5,2,2,1,2,4"
46,"4,1,4,1,2,5,2,5,3,0,1,4,6,0,4,2,4,3,0,6"
47,"5,6,1,4,0,1,3,3,2,3,6,4,2,3,4,5,2,0,6,4"
48,"6,6,1,1,5,4,5,4,0,2,1,4,1,5,0,1,6,1,1,6"
49,"3,6,5,2,2,1,2,3,6,3,1,1,4,5,1,2,5,6,0,1"
50,"6,6,5,2,5,4,2,6,0,0,6,1,5,2,0,4,5,0,0,5"
51,"3,1,4,6,6,4,4,3,5,1,6,3,3,3,3,4,5,0,2,1"
52,"6,2,4,4,0,1,4,3,1,5,3,4,6,1,1,2,2,2,0,2"
53,"2,2,0,1,5,3,1,0,6,3,2,2,4,6,6,4,4,6,1,0"
54,"1,1,6,4,6,0,0,2,0,6,2,4,2,3,5,1,0,3,4,4"
55,"5,5,2,1,5,6,4,2,1,6,4,2,5,5,3,5,2,4,0,3"
56,"1,3,0,6,1,4,6,4,3,6,3,1,1,1,3,6,2,3,2,2"
57,"2,4,6,6,4,0,0,5,5,2,1,6,2,2,6,1,1,1,3,0"
58,"1,0,1,4,4,5,0,4,4,5,4,4,5,3,5,6,2,5,0,0"
59,"0,0,6,0,0,3,3,3,4,3,5,6,6,4,1,6,4,6,2,0"
60,"5,1,2,0,6,5,2,3,6,2,3,0,6,4,4,4,5,6,6,0"
61,"2,4,3,5,6,0,3,5,5,3,0,2,3,1,3,6,4,3,2,4"
62,"0,0,0,1,3,1,2,6,3,3,6,4,0,4,6,2,0,2,4,2"
63,"5,4,5,3,2,5,5,1,5,1,1,5,0,3,2,3,0,0,5,0"
64,"3,5,1,0,5,2,3,1,6,5,2,3,2,0,0,5,0,0,3,0"
65,"1,4,0,4,4,2,1,1,5,3,4,5,6,6,1,0,3,6,4,3"
66,"6,0,4,1,6,2,0,1,4,2,4,0,4,4,1,4,2,0,0,5"
67,"0,3,5,3,2,5,5,3,4,5,6,6,4,2,3,5,4,4,4,0"
68,"5,0,1,2,0,1,3,1,6,6,5,3,5,1,1,5,6,5,6,3"
69,"6,6,4,4,3,0,1,4,3,1,1,3,0,5,3,6,5,1,6,4"
70,"1,1,2,2,1,1,5,3,4,1,3,1,0,2,2,4,1,2,5,0"
71,"6,2,1,6,5,5,3,4,5,1,6,2,4,6,0,5,6,2,1,3"
72,"1,6,4,0,6,6,3,0,4,0,1,0,1,0,0,5,4,2,3,6"
73,"3,2,6,3,2,0,0,5,4,1,0,1,0,4,6,0,5,5,5,1"
74,"1,3,0,4,2,2,6,5,5,0,1,0,6,2,3,0,5,2,5,0"
75,"2,3,1,0,1,3,0,3,1,4,2,6,4,3,4,2,1,4,0,6"
76,"0,1,1,5,4,0,3,0,6,3,1,3,0,2,4,2,2,6,1,1"
77,"4,1,6,2,6,1,4,4,4,6,4,1,3,2,4,2,0,4,2,5"
78,"2,0,5,3,0,5,0,5,6,0,4,4,1,6,1,6,3,4,1,3"
79,"3,5,2,6,5,1,6,1,6,2,3,3,1,3,0,4,1,5,1,3"
80,"6,2,3,1,6,5,4,6,2,4,4,4,3,2,4,1,1,3,6,2"
81,"4,3,4,5,2,1,4,4,4,0,0,5,2,6,2,6,1,1,0,4"
82,"1,3,6,0,0,0,4,3,5,6,5,4,4,1,0,6,5,6,4,5"
83,"2,0,5,2,2,6,6,4,3,5,1,5,6,1,0,4,3,3,3,6"
84,"5,2,4,2,3,6,1,4,4,4,5,0,5,4,6,1,6,6,0,3"
85,"2,6,3,3,6,5,6,0,3,3,5,1,1,4,3,6,0,3,1,0"
86,"3,3,2,5,5,3,1,4,6,2,1,0,0,4,2,1,6,3,6,2"
87,"5,4,3,1,5,0,0,1,0,1,2,1,1,4,1,4,6,3,2,3"
88,"0,3,1,5,4,3,0,0,4,0,5,3,3,0,3,3,2,6,6,5"
89,"4,0,0,5,2,5,4,6,2,6,2,1,4,2,3,3,6,2,4,3"
90,"0,6,2,1,3,3,0,3,1,3,1,0,3,3,2,6,5,2,3,4"
91,"2,5,0,1,3,1,5,6,0,2,5,6,4,6,4,5,6,2,4,5"
92,"0,0,1,3,6,5,1,5,5,4,5,6,2,0,2,4,2,6,2,1"
93,"3,4,6,4,3,3,0,4,2,2,3,6,3,4,2,4,0,2,6,4"
94,"4,0,5,4,5,3,3,2,2,0,3,0,6,0,3,2,6,5,0,3"
95,"0,4,0,4,3,0,5,2,3,1,4,4,1,2,6,3,0,2,5,3"
96,"3,5,0,2,5,1,1,3,5,4,5,0,5,4,6,3,2,3,3,3"
97,"5,2,4,2,0,3,4,1,0,1,1,3,4,2,5,1,6,1,1,4"
98,"0,0,0,1,4,4,0,2,3,1,4,0,4,1,0,6,1,0,6,6"
99,"0,3,6,4,0,4,4,0,3,6,5,4,1,6,4,4,4,2,2,2"
100,"5,2,3,0,1,0,2,5,4,0,2,1,3,3,5,3,4,5,2,3"
101,"4,0,5,0,0,4,4,6,0,2,4,1,0,6,4,5,0,1,1,2"
102,"5,3,3,6,6,1,4,2,3,2,1,4,3,0,0,4,0,2,4,1"
103,"5,4,0,3,0,1,6,1,5,0,5,2,2,2,2,5,5,2,2,6"
104,"5,6,1,6,2,0,4,5,4,5,5,0,3,2,1,6,4,2,5,3"
105,"2,2,6,5,4,5,5,2,3,3,3,6,2,5,5,4,6,2,2,3"
106,"1,6,1,4,5,5,6,3,3,2,0,2,0,6,3,5,2,6,5,1"
107,"5,3,0,6,6,2,2,5,2,4,0,5,0,5,6,3,6,2,2,6"
108,"0,5,1,1,5,2,6,5,0,5,1,3,5,5,4,0,6,5,2,0"
109,"3,2,4,2,2,0,2,4,6,3,2,6,3,0,1,2,2,6,1,3"
110,"2,0,5,5,1,4,3,1,4,4,1,4,3,5,0,5,5,2,0,5"
111,"4,4,6,2,0,4,3,1,5,6,4,6,2,0,3,1,0,2,4,1"
112,"3,4,3,3,5,5,6,4,5,6,2,4,4,5,3,4,2,6,3,4"
113,"6,1,2,0,6,3,4,5,6,6,0,6,4,4,3,4,2,6,1,6"
114,"1,4,2,5,0,4,4,2,3,5,0,3,2,0,5,1,2,3,1,4"
115,"6,1,0,5,2,0,4,6,4,1,0,2,1,3,1,0,0,4,4,1"
116,"1,3,5,4,6,3,2,5,1,5,0,6,0,0,0,3,3,1,5,1"
117,"2,4,1,0,0,0,3,6,6,4,3,5,5,3,5,0,6,5,5,2"
118,"5,1,3,4,6,4,3,5,4,1,6,6,1,5,2,5,1,2,4,3"
119,"5,5,4,6,5,1,6,1,3,5,0,4,3,0,1,3,2,4,2,0"
120,"3,1,0,5,0,4,6,5,0,4,5,3,1,2,3,5,2,1,6,3"
121,"4,0,5,4,4,4,0,3,6,1,0,4,3,4,0,4,3,4,4,1"
122,"6,0,6,1,1,5,5,1,4,3,6,2,6,5,3,3,5,4,0,1"
123,"2,2,2,5,0,0,2,2,4,0,2,3,4,3,0,1,1,2,4,2"
124,"2,1,1,2,4,5,6,0,4,3,6,3,2,6,3,4,5,6,6,3"
125,"3,0,1,3,1,0,4,0,2,4,5,2,1,5,1,1,5,1,6,0"
126,"1,5,5,2,2,0,3,2,6,4,6,1,0,0,1,1,6,4,2,2"
127,"0,3,4,1,0,3,6,1,5,3,3,4,0,3,0,5,6,3,0,4"
128,"0,2,5,2,2,3,0,5,2,6,2,1,1,3,2,2,4,4,2,3"
129,"0,3,2,4,3,5,1,6,6,2,2,3,0,4,5,0,0,1,6,1"
130,"4,2,1,6,6,6,3,4,2,2,5,0,3,6,6,3,2,6,1,5"
131,"6,6,4,2,1,1,5,0,6,1,0,5,3,5,6,3,5,5,2,0"
132,"4,0,4,6,1,2,0,1,2,0,0,2,2,6,2,3,2,0,2,4"
133,"1,0,0,6,0,5,5,1,0,2,4,3,4,1,3,2,1,5,2,6"
134,"4,3,6,1,1,1,6,4,4,1,4,5,3,6,1,5,1,2,1,1"
135,"2,3,5,5,1,1,1,4,5,0,0,1,1,6,0,2,0,6,3,3"
136,"0,4,1,4,2,1,6,2,3,5,3,4,0,4,6,5,6,1,3,5"
137,"6,6,5,4,3,5,6,0,1,4,5,3,3,6,6,3,4,4,6,3"
138,"1,2,6,4,3,6,0,6,2,0,2,3,2,5,2,1,1,4,2,3"
139,"0,3,1,2,1,1,2,6,5,6,4,5,5,5,6,5,6,6,1,5"
140,"0,2,6,4,0,0,4,2,5,6,5,2,2,6,2,5,5,2,0,5"
141,"0,6,6,1,1,1,1,5,1,0,2,3,3,3,6,1,2,3,1,0"
142,"1,5,4,3,2,3,1,4,3,2,6,2,4,1,2,5,5,1,2,1"
143,"1,1,4,0,6,3,2,6,2,4,4,4,1,1,6,6,6,5,1,5"
144,"5,6,6,0,6,4,5,4,6,6,5,2,0,4,4,2,0,6,2,1"
145,"6,3,6,6,0,0,2,3,0,5,6,2,0,4,0,1,6,1,2,3"
146,"1,3,1,2,0,5,2,4,3,2,3,2,5,0,2,3,0,4,0,0"
147,"2,3,1,3,4,6,0,3,6,0,6,4,2,3,5,0,4,0,4,1"
148,"4,3,3,2,0,3,2,1,1,0,3,6,5,4,2,3,3,1,2,2"
149,"6,3,1,2,4,3,1,1,5,4,0,4,6,3,0,3,1,5,6,2"
150,"5,2,4,1,2,6,0,0,2,4,3,0,6,5,6,1,2,2,1,3"
151,"5,1,1,0,5,2,1,4,3,0,5,0,3,4,0,2,1,4,3,6"
152,"2,4,1,2,1,2,4,2,5,0,3,5,6,0,6,4,4,1,4,2"
153,"6,0,4,2,2,4,1,5,6,3,6,2,6,2,1,2,1,6,5,6"
154,"2,1,5,5,3,0,0,0,1,5,2,3,6,5,5,4,6,0,3,3"
155,"3,2,5,1,2,2,4,1,3,0,1,5,2,1,2,2,6,1,6,1"
156,"2,4,6,5,4,1,1,5,2,1,5,2,0,0,1,2,6,5,1,1"
157,"6,4,3,0,5,3,5,5,3,2,0,0,6,0,5,2,4,1,5,3"
158,"1,6,3,1,0,3,0,0,5,0,5,5,1,4,4,5,6,4,4,0"
159,"0,6,0,2,5,6,0,3,6,4,3,0,1,5,5,5,3,1,1,1"
160,"6,3,4,5,2,6,6,3,1,0,6,6,2,6,2,5,5,0,4,0"
161,"2,0,3,3,5,6,5,0,0,0,0,6,1,2,4,3,0,5,1,0"
162,"5,1,0,0,4,4,0,1,4,0,5,3,4,0,2,1,0,5,2,1"
163,"3,6,6,5,0,0,4,6,6,3,1,0,5,4,5,0,6,5,5,1"
164,"0,4,3,0,5,3,6,5,6,4,0,4,0,0,2,5,5,5,0,0"
165,"2,0,6,6,3,1,3,6,0,0,0,5,1,3,2,4,3,3,3,0"
166,"0,6,2,0,1,1,6,3,6,5,3,4,2,3,6,5,5,5,0,6"
167,"3,3,3,2,6,3,1,4,3,6,2,6,4,3,5,3,4,2,3,5"
168,"5,4,1,3,1,2,1,5,4,4,6,5,3,1,6,4,5,2,5,6"
169,"1,2,0,4,3,2,1,6,6,5,1,4,6,1,3,4,3,0,5,6"
170,"1,4,5,3,5,4,5,2,4,6,1,2,5,1,0,3,0,0,4,4"
171,"5,4,6,1,6,5,2,6,2,2,0,5,5,0,3,0,1,4,6,1"
172,"5,6,0,0,6,2,1,2,5,6,0,1,4,0,1,0,2,4,1,4"
173,"3,0,1,2,3,3,5,3,1,3,5,2,1,6,3,6,1,1,5,2"
174,"5,6,0,1,1,1,6,4,6,4,4,0,1,6,1,4,3,0,2,4"
175,"4,1,4,3,4,2,4,4,5,0,3,3,4,1,0,2,3,2,0,6"
176,"1,1,4,4,2,1,1,4,4,3,2,1,3,4,6,3,0,6,0,3"
177,"2,4,1,6,0,5,4,2,4,0,6,5,3,1,1,6,5,2,6,6"
178,"3,0,4,1,0,4,5,0,1,6,0,1,4,6,6,2,5,5,4,1"
179,"5,1,4,0,5,6,3,0,3,1,3,4,1,0,6,0,0,2,3,1"
180,"5,6,2,2,6,1,3,4,4,3,1,4,2,3,6,4,4,6,5,6"
181,"6,2,4,1,1,4,4,0,0,6,4,3,6,0,4,1,4,4,1,5"
182,"3,1,3,3,4,5,6,0,1,1,2,6,1,1,1,3,0,6,4,2"
183,"3,2,3,6,3,3,1,5,1,1,3,2,2,2,1,1,0,5,0,0"
184,"4,1,3,0,0,6,3,5,0,5,1,3,4,4,3,3,6,2,6,3"
185,"3,2,6,3,6,6,2,5,3,2,0,2,3,2,3,0,5,2,1,2"
186,"1,0,3,5,0,1,2,4,5,4,1,6,0,4,0,0,5,5,6,1"
187,"4,6,6,6,4,0,2,3,6,0,3,4,1,4,1,0,5,6,0,2"
188,"4,3,6,2,1,4,0,3,2,3,5,3,2,6,1,5,0,5,2,0"
189,"1,1,1,1,5,2,5,6,3,4,4,0,0,6,4,6,2,4,1,2"
190,"2,1,6,4,3,6,0,3,3,3,6,1,0,0,2,1,5,0,2,6"
191,"2,6,4,3,2,2,3,4,6,6,1,4,0,3,6,3,3,0,3,3"
192,"0,3,0,6,1,1,1,2,4,2,1,2,6,6,6,4,3,0,3,4"
193,"5,4,0,0,6,0,2,0,6,3,1,1,0,4,4,3,4,6,2,4"
194,"2,6,0,6,3,0,6,5,2,5,4,3,6,5,5,1,0,0,0,1"
195,"5,0,1,1,6,3,0,4,0,3,3,6,6,3,5,3,3,4,3,5"
196,"1,6,4,0,2,0,6,5,3,1,6,1,0,5,0,5,3,2,1,4"
197,"0,2,0,2,4,3,5,3,1,4,6,1,3,3,0,1,0,2,0,0"
198,"2,6,0,3,3,6,3,0,4,2,5,5,0,4,4,1,4,3,6,3"
199,"3,0,2,6,4,2,6,3,0,4,2,0,4,4,3,5,1,2,2,6"
200,"5,6,3,6,0,5,0,2,5,4,0,1,2,1,1,2,0,5,2,6"
201,"3,4,4,3,2,0,6,1,0,5,6,6,0,1,0,2,3,0,1,4"
202,"2,5,6,0,3,1,5,3,0,3,4,6,0,4,5,1,4,3,6,3"
203,"6,2,4,2,3,3,0,5,2,6,6,1,0,5,4,1,2,1,6,1"
204,"4,0,1,4,5,2,1,6,6,3,0,6,3,6,3,1,5,6,0,2"
205,"3,6,1,5,1,1,6,0,3,4,3,1,0,2,6,0,0,2,1,4"
206,"6,4,6,5,6,6,3,4,0,3,2,1,6,2,4,6,1,1,1,6"
207,"5,5,6,5,4,5,0,3,2,5,1,6,4,3,1,3,6,1,5,5"
208,"5,6,4,0,5,5,0,1,1,0,6,0,1,4,2,6,0,5,1,1"
209,"1,5,2,1,6,5,5,6,2,3,2,6,0,0,4,0,2,0,2,5"
210,"2,2,4,2,0,6,0,2,1,5,2,1,2,5,4,1,0,1,5,6"
211,"1,5,2,3,2,3,2,6,0,0,1,2,4,3,2,4,1,1,5,5"
212,"3,4,0,3,6,2,0,1,0,5,0,2,6,0,0,1,0,5,6,5"
213,"0,1,5,1,3,0,2,3,6,3,4,4,3,0,4,1,4,5,6,6"
214,"3,6,4,0,0,2,0,4,3,4,4,2,5,2,6,1,6,3,2,4"
215,"4,4,1,6,1,6,2,4,0,1,5,1,4,5,3,4,5,6,4,6"
216,"5,5,4,3,4,6,1,1,6,2,3,6,1,3,2,5,5,4,5,2"
217,"4,3,0,2,3,2,3,1,1,6,6,2,4,4,0,2,4,5,0,0"
218,"3,0,0,4,0,4,1,6,3,6,3,0,4,4,4,2,5,5,1,3"
219,"5,2,3,3,4,3,0,1,6,3,3,4,5,2,1,1,2,1,1,2"
220,"6,4,0,3,0,3,6,4,6,3,5,5,3,1,5,2,1,6,6,0"
221,"6,6,4,5,1,2,2,5,0,6,2,4,2,3,4,2,1,1,5,3"
222,"2,5,1,0,6,0,2,2,5,6,5,0,0,3,0,5,5,6,4,0"
223,"1,4,3,2,1,2,4,3,5,4,0,3,0,1,1,4,0,5,0,2"
224,"3,6,5,2,1,0,5,0,3,5,4,2,5,0,0,4,4,1,5,0"
225,"6,4,2,5,0,6,1,6,4,4,3,0,2,5,6,2,0,2,2,2"
226,"5,5,6,6,5,1,0,3,5,3,1,4,2,5,5,2,1,5,2,6"
227,"4,1,3,5,4,4,0,2,6,4,5,4,0,2,5,1,0,3,1,3"
228,"2,6,1,2,5,5,2,5,4,3,2,2,0,1,5,4,2,3,5,2"
229,"3,5,0,2,3,0,4,4,5,6,5,2,6,6,1,1,2,1,5,6"
230,"1,1,6,4,3,6,1,2,4,0,2,2,6,5,4,0,3,0,4,4"
231,"6,1,2,1,5,4,1,6,5,3,0,1,4,3,2,0,1,2,6,6"
232,"5,1,6,2,5,6,6,1,0,4,0,0,4,0,4,3,6,6,2,3"
233,"3,5,2,1,4,6,3,3,5,5,0,2,1,0,5,4,3,5,0,1"
234,"3,4,5,5,1,6,4,3,3,2,4,5,6,1,3,3,6,1,0,1"
235,"0,0,4,0,4,3,4,4,0,3,5,0,1,5,1,0,4,1,2,5"
236,"0,1,1,5,6,6,5,5,0,0,2,0,1,3,4,0,3,2,4,0"
237,"1,1,5,4,6,4,6,2,2,2,3,1,5,2,4,0,3,3,3,1"
238,"1,3,0,3,2,0,0,2,2,2,5,1,1,3,0,1,6,4,5,4"
239,"1,6,2,2,4,6,4,5,3,6,5,0,0,2,6,5,4,2,3,5"
240,"3,1,3,5,1,5,0,4,0,0,5,2,5,0,5,5,3,6,5,2"
241,"2,3,0,4,4,4,4,3,6,6,5,3,1,6,1,1,6,2,4,2"
242,"6,4,2,5,1,4,0,6,0,5,3,6,2,1,2,1,1,3,0,0"
243,"4,3,4,0,6,2,0,2,2,4,5,3,6,1,5,0,1,4,2,3"
244,"3,5,4,5,5,5,0,6,6,2,2,2,3,4,6,1,6,3,5,4"
245,"1,4,5,4,2,5,2,3,2,1,1,1,3,5,5,6,0,4,6,3"
246,"0,2,1,2,0,6,1,2,4,5,4,5,0,1,5,4,2,5,0,2"
247,"1,4,1,2,1,0,1,4,4,1,5,4,5,0,4,0,2,0,3,0"
248,"5,1,2,5,0,3,4,6,1,0,0,1,0,1,0,6,3,3,3,5"
249,"1,6,4,6,0,6,6,5,1,4,5,6,0,0,2,4,6,5,4,0"
250,"5,5,6,0,4,0,2,5,0,3,5,3,0,1,2,3,5,3,4,4"
251,"1,6,5,2,6,5,3,2,1,5,5,0,4,3,1,0,6,0,2,2"
252,"0,0,2,0,0,0,4,2,4,0,0,1,3,3,0,6,2,5,6,4"
253,"6,2,6,0,2,0,0,0,3,3,4,6,6,6,1,5,5,0,1,0"
254,"6,2,2,2,0,6,0,0,4,3,5,6,1,3,0,0,4,3,2,4"
255,"2,5,1,3,5,4,4,0,5,0,4,1,0,0,2,0,3,2,5,2"
256,"0,3,1,1,0,1,6,6,5,4,3,1,2,3,3,2,1,4,3,1"
257,"6,0,2,2,0,6,1,4,0,6,5,0,4,3,3,5,6,0,2,6"
258,"2,5,4,5,1,1,3,5,2,5,1,2,0,3,1,1,0,4,1,1"
259,"6,1,1,0,5,2,4,6,5,5,2,2,6,0,5,1,4,3,4,5"
260,"6,5,3,1,6,4,0,6,6,0,0,6,2,1,1,3,5,1,6,0"
261,"0,6,3,5,4,1,1,4,3,0,0,1,1,1,6,6,3,1,3,3"
262,"2,4,3,5,6,3,5,4,5,5,0,2,2,6,5,5,4,4,4,3"
263,"3,0,4,2,5,5,6,2,3,2,2,1,2,1,6,1,0,4,5,1"
264,"2,4,2,6,5,3,5,6,3,3,2,0,6,4,5,4,2,5,2,1"
265,"1,0,1,1,0,2,0,3,6,2,5,5,1,1,1,1,4,2,5,1"
266,"2,0,1,6,6,2,6,4,3,3,4,4,0,4,0,0,5,3,6,2"
267,"4,0,2,6,1,1,4,1,0,6,0,1,3,6,6,0,2,6,0,0"
268,"2,5,4,4,0,4,5,1,1,0,0,0,6,0,1,2,6,2,2,6"
269,"5,3,3,3,4,4,1,3,5,4,2,5,3,3,2,4,2,6,4,0"
270,"3,6,4,5,1,1,1,6,0,1,1,3,3,5,4,3,1,5,2,1"
271,"2,0,4,4,6,6,1,2,3,5,6,1,1,0,2,5,3,3,6,2"
272,"4,4,1,4,3,2,4,6,2,0,4,2,0,5,5,0,4,3,1,3"
273,"4,0,2,1,1,0,2,4,6,0,3,6,3,2,4,4,0,6,6,6"
274,"2,1,1,5,0,3,2,6,0,4,3,0,6,5,4,6,4,4,5,6"
275,"4,5,0,5,4,3,1,5,2,4,6,1,3,2,2,2,3,1,1,3"
276,"3,4,2,6,2,0,6,5,4,5,5,3,1,4,1,0,3,4,4,0"
277,"2,6,0,5,5,1,6,3,5,0,6,6,0,2,1,3,5,6,1,0"
278,"0,4,1,4,0,5,4,2,1,4,2,3,6,3,1,2,4,5,6,0"
279,"1,2,6,5,0,0,1,5,3,0,1,6,6,2,2,5,0,6,5,0"
280,"5,6,0,5,3,4,2,6,2,2,3,4,5,1,0,1,1,3,6,3"
281,"1,0,6,3,6,0,0,1,1,6,4,1,2,4,1,6,5,2,2,3"
282,"6,1,1,0,5,0,3,2,6,5,3,1,4,0,3,2,1,1,6,4"
283,"6,6,3,2,6,3,0,2,3,0,1,4,3,3,4,4,2,4,4,6"
284,"2,3,5,1,5,4,1,0,3,6,2,3,1,6,5,4,3,0,2,3"
285,"6,5,0,4,5,2,1,4,5,2,5,2,3,6,4,4,6,3,3,1"
286,"0,2,5,2,3,2,1,0,5,4,1,6,2,2,6,2,3,5,6,3"
287,"4,1,5,2,1,1,0,1,5,4,2,2,6,2,0,2,0,3,5,2"
288,"1,3,0,2,2,1,5,0,0,0,6,3,0,1,3,4,5,3,4,1"
289,"4,5,0,3,1,2,2,1,4,6,3,2,1,3,3,1,2,3,1,5"
290,"3,1,5,1,4,4,4,4,6,3,3,3,5,5,2,3,6,3,3,2"
291,"5,1,2,0,3,4,4,3,5,2,2,4,2,4,0,1,4,6,2,3"
292,"0,3,3,6,5,3,0,3,5,0,2,1,1,3,0,5,3,2,5,6"
293,"1,2,3,6,6,4,0,5,1,0,4,1,0,6,4,5,3,0,0,0"
294,"1,4,4,2,1,2,2,4,1,3,6,4,1,1,5,0,6,1,6,5"
295,"3,1,2,3,6,6,4,6,4,6,0,2,5,3,3,0,1,2,5,6"
296,"2,3,5,1,0,4,0,3,2,1,3,6,5,1,5,5,4,2,2,2"
297,"2,2,5,6,1,0,6,6,2,5,1,5,6,6,3,0,3,3,5,2"
298,"5,6,6,5,6,3,6,3,5,6,0,6,1,0,5,2,2,0,5,3"
299,"4,3,4,1,5,3,4,4,4,4,3,1,1,0,2,6,6,0,0,4"
300,"0,2,6,4,6,6,4,3,3,2,3,1,3,5,6,2,0,0,2,2"
301,"6,5,2,4,3,1,6,4,0,3,2,3,0,3,6,0,4,5,3,4"
302,"6,3,6,2,3,6,0,5,0,3,2,1,5,6,5,1,5,3,6,5"
303,"1,0,4,2,0,6,6,4,0,6,4,1,5,3,2,2,4,6,3,0"
304,"6,4,5,3,3,1,2,2,0,4,3,0,2,5,0,5,2,4,0,5"
305,"4,2,5,5,4,0,4,1,2,5,2,6,3,5,5,3,1,1,5,2"
306,"6,4,6,1,0,1,4,3,4,3,0,1,5,3,3,6,1,6,0,3"
307,"5,2,2,2,0,2,3,4,1,5,2,2,0,5,1,2,3,0,3,3"
308,"3,0,0,0,3,6,5,5,1,0,1,2,4,0,5,6,4,6,5,2"
309,"0,6,6,1,4,0,5,3,4,3,3,5,1,6,2,6,3,6,4,1"
310,"2,3,5,4,2,4,5,3,3,0,4,6,2,4,1,5,0,1,6,5"
311,"5,2,6,6,6,1,1,5,2,2,1,1,2,5,5,6,4,0,5,5"
312,"1,2,3,5,0,1,6,4,3,5,0,6,4,1,0,1,2,0,2,6"
313,"1,2,1,6,4,6,6,3,6,4,2,5,5,3,5,0,5,4,6,3"
314,"2,1,0,2,3,3,6,2,1,0,0,2,6,2,3,5,1,6,4,6"
315,"3,6,4,5,1,4,6,5,2,2,1,5,3,2,2,4,5,5,5,6"
316,"3,6,4,6,4,1,6,1,2,2,6,0,4,6,5,2,4,3,3,1"
317,"2,6,4,0,5,1,4,2,0,4,3,2,1,5,5,6,6,1,0,6"
318,"3,1,4,1,2,2,3,3,2,2,0,6,5,6,0,2,0,3,6,1"
319,"5,6,4,2,0,1,0,2,3,4,5,1,4,5,1,5,6,4,2,4"
320,"5,4,5,0,1,2,0,5,2,3,2,6,0,4,3,0,4,1,1,4"
321,"1,1,2,2,3,3,6,5,3,4,4,0,3,4,5,3,3,5,2,3"
322,"0,4,5,5,0,2,4,5,0,4,2,4,6,2,2,2,6,4,4,3"
323,"0,2,5,4,3,0,5,3,2,1,1,6,6,0,5,6,1,2,0,2"
324,"1,4,6,6,2,2,5,2,5,5,6,3,3,2,2,3,4,0,1,4"
325,"1,3,4,2,3,4,3,1,6,1,2,6,2,0,4,4,6,6,3,1"
326,"5,0,2,6,0,4,1,3,0,2,2,5,4,6,2,0,6,1,0,4"
327,"1,5,1,0,0,6,5,1,0,6,1,4,6,5,6,5,1,4,4,4"
328,"2,4,0,5,3,0,0,0,3,2,2,5,4,0,0,1,2,6,3,0"
329,"1,6,4,5,6,4,3,0,5,2,2,4,5,2,3,1,1,0,4,1"
330,"5,5,6,0,6,0,2,2,2,4,0,1,5,4,5,6,4,5,2,4"
331,"6,5,6,0,6,5,4,5,4,6,4,6,1,2,0,6,3,1,6,4"
332,"3,1,1,4,4,5,2,5,6,5,2,5,3,3,3,6,6,1,0,0"
333,"1,2,6,5,0,4,0,3,4,4,3,5,0,4,6,0,1,0,3,1"
334,"2,0,3,4,6,2,6,2,3,5,3,3,4,0,6,2,6,5,0,6"
335,"1,1,2,0,6,1,6,0,4,3,3,6,0,4,6,2,4,3,4,0"
336,"0,0,6,4,2,3,6,5,3,0,6,0,1,5,0,1,2,3,5,0"
337,"6,2,5,6,4,6,5,3,0,2,4,4,0,5,5,6,1,0,6,4"
338,"4,4,4,2,6,1,2,6,4,2,2,6,5,6,6,6,2,1,2,4"
339,"4,4,5,3,0,2,2,1,5,6,1,4,6,0,3,0,3,5,2,5"
340,"2,4,5,0,2,5,6,0,1,1,2,4,5,6,1,4,1,4,5,1"
341,"1,6,0,2,1,6,6,1,1,0,3,5,3,1,0,0,2,0,3,4"
342,"1,0,4,0,4,3,4,3,0,4,3,4,1,3,4,4,1,4,2,6"
343,"5,4,5,1,3,6,0,4,0,2,6,3,0,5,3,6,4,2,2,5"
344,"5,2,0,1,2,1,1,2,2,4,5,3,4,1,2,6,2,0,4,4"
345,"1,4,1,3,5,5,1,3,5,4,5,5,0,1,2,3,0,1,3,5"
346,"6,6,1,0,0,2,4,1,0,2,1,0,4,5,4,3,6,3,1,2"
347,"1,5,0,4,5,6,6,1,6,4,5,0,1,1,3,1,2,1,3,3"
348,"0,5,2,5,4,1,4,1,0,3,0,4,3,1,2,1,1,6,1,1"
349,"6,5,6,3,2,1,0,5,6,5,0,1,3,2,5,4,1,5,1,3"
350,"5,0,0,3,4,2,2,1,1,0,2,4,4,6,4,3,2,4,4,4"
351,"3,0,2,6,5,6,1,0,2,5,3,5,6,4,6,5,4,5,1,5"
352,"6,1,4,4,4,6,5,1,3,1,3,1,0,4,3,4,2,3,5,2"
353,"1,6,3,4,3,1,0,3,5,0,6,0,4,2,5,4,6,6,3,1"
354,"3,2,1,2,3,6,1,3,6,1,1,5,1,1,4,6,0,3,4,1"
355,"1,1,2,2,4,3,3,0,2,4,0,6,4,2,5,4,1,1,1,1"
356,"2,3,0,5,2,2,0,5,3,5,4,1,0,0,5,0,2,3,4,1"
357,"3,4,5,1,5,1,5,0,6,4,6,1,5,6,0,3,5,4,6,6"
358,"2,4,6,3,4,1,5,5,3,1,0,0,6,6,2,4,3,1,5,3"
359,"4,1,3,6,1,5,6,3,2,1,4,3,2,0,3,5,5,1,1,5"
360,"5,2,0,5,6,6,6,1,3,1,4,0,1,6,3,5,5,3,5,0"
361,"0,4,2,0,2,5,3,3,4,0,5,1,4,3,1,6,0,1,5,0"
362,"5,6,4,5,4,6,4,2,0,3,3,0,0,3,1,4,2,3,0,2"
363,"4,3,5,5,3,5,0,0,5,3,3,6,4,1,0,2,1,1,5,4"
364,"1,5,3,3,4,1,1,0,3,3,2,1,5,2,5,5,2,3,3,0"
365,"0,1,2,3,6,3,0,6,3,2,2,3,2,3,3,0,3,4,0,1"
366,"2,0,2,3,6,1,1,5,4,5,3,3,0,6,5,4,3,4,1,4"
367,"2,0,6,3,3,6,5,2,1,3,3,2,6,6,0,1,0,2,5,6"
368,"4,2,3,5,4,1,4,5,6,5,2,3,4,4,0,6,2,0,5,2"
369,"3,1,4,6,3,4,6,5,2,4,5,0,2,5,4,2,3,2,2,4"
370,"2,4,6,4,0,0,1,5,1,3,2,6,1,4,3,3,0,3,0,3"
371,"4,5,3,6,3,6,4,6,0,3,1,2,6,0,4,1,2,6,6,3"
372,"5,2,3,0,5,0,2,4,6,4,6,0,0,2,1,6,1,5,0,5"
373,"1,6,0,6,4,3,6,3,3,4,3,3,3,3,2,5,4,5,2,3"
374,"2,2,6,4,6,1,4,5,0,4,1,1,0,2,1,1,3,2,5,4"
375,"5,0,4,4,5,4,5,1,4,6,1,4,4,2,0,0,1,4,1,0"
376,"2,1,4,2,6,6,6,3,0,1,4,3,6,0,6,3,2,0,4,6"
377,"5,2,6,3,2,3,5,4,5,1,4,1,4,0,0,4,6,4,3,6"
378,"0,2,1,5,0,6,6,4,6,5,5,1,4,3,0,4,4,0,4,1"
379,"4,5,2,2,1,6,4,3,1,4,2,3,6,2,6,3,0,6,0,3"
380,"2,0,1,3,5,1,3,5,3,0,6,6,6,2,2,5,3,6,0,4"
381,"2,0,3,3,3,4,6,1,5,2,5,1,5,4,0,2,4,5,2,5"
382,"3,6,3,2,6,5,3,2,0,3,0,4,5,3,3,2,4,3,1,2"
383,"3,3,5,3,0,6,0,3,0,6,5,1,4,3,0,4,5,0,3,3"
384,"6,0,2,0,3,4,0,6,4,5,1,5,0,0,1,6,1,6,3,6"
385,"2,5,1,5,0,4,4,3,4,1,0,1,0,3,1,3,5,5,3,6"
386,"2,4,2,4,5,1,5,3,5,1,5,0,0,3,1,5,4,6,4,1"
387,"6,3,4,0,6,4,3,6,6,5,1,5,2,3,6,5,6,2,5,1"
388,"6,0,4,0,5,1,5,4,5,2,1,0,1,6,0,1,1,3,3,6"
389,"1,2,2,1,1,4,6,5,6,2,4,2,1,3,0,6,6,5,3,5"
390,"1,5,0,3,3,2,1,4,1,5,4,5,6,6,0,3,1,4,4,1"
391,"0,5,5,5,3,2,1,4,2,5,3,4,0,0,1,2,0,5,3,1"
392,"2,6,5,1,5,2,4,3,2,3,4,4,2,2,5,6,6,0,2,0"
393,"6,2,2,5,6,4,2,2,6,0,0,6,3,1,4,2,0,6,5,3"
394,"1,0,3,2,5,2,4,0,6,2,1,2,6,1,5,1,6,3,3,1"
395,"2,4,2,2,6,2,0,0,2,5,3,4,6,2,1,0,2,0,6,2"
396,"6,3,0,2,3,0,2,2,1,5,6,4,4,0,3,0,1,3,2,2"
397,"5,6,5,6,4,3,3,3,3,6,3,4,3,1,4,0,6,0,5,4"
398,"2,4,4,3,0,2,3,3,2,3,5,2,1,4,4,1,2,6,3,5"
399,"1,1,5,1,2,4,4,3,0,4,4,6,4,3,2,0,6,4,6,4"
400,"5,5,0,2,6,0,3,5,3,5,0,4,4,1,1,6,5,5,4,2"
401,"1,0,4,0,4,3,3,5,4,2,3,4,3,3,3,0,1,0,6,6"
402,"4,0,5,6,5,4,2,5,4,5,2,2,4,1,2,5,6,2,6,6"
403,"6,2,0,0,1,6,3,5,6,5,5,1,5,3,4,3,6,4,2,4"
404,"1,0,0,5,0,3,5,2,4,6,5,6,0,4,2,4,1,3,5,1"
405,"0,1,1,4,1,0,2,0,6,2,5,5,4,6,3,4,3,6,4,1"
406,"5,0,1,4,3,3,0,0,6,6,4,5,0,6,1,3,6,6,1,3"
407,"1,2,3,6,3,0,6,6,1,1,3,3,5,4,6,3,3,4,3,3"
408,"4,0,0,4,3,2,4,4,4,2,4,1,1,1,1,3,3,3,2,6"
409,"6,4,6,1,1,1,5,0,3,2,5,0,6,0,1,5,1,4,4,0"
410,"3,2,6,0,5,3,5,1,3,0,6,3,2,0,5,3,3,4,0,1"
411,"1,1,5,6,6,1,3,0,4,5,6,0,4,5,0,5,4,4,0,0"
412,"4,5,4,2,1,5,3,1,0,4,4,0,5,2,6,3,3,0,0,1"
413,"0,0,0,5,4,4,2,3,2,5,6,6,0,4,1,6,0,6,0,2"
414,"3,5,1,2,3,1,6,4,0,6,2,3,2,0,2,5,3,1,1,1"
415,"3,3,4,2,3,6,0,6,3,1,6,2,5,3,6,3,1,3,2,6"
416,"6,3,5,3,0,2,6,4,0,0,5,3,1,4,1,3,1,5,2,4"
417,"0,1,0,1,4,0,5,3,4,4,1,3,6,0,0,4,2,4,1,6"
418,"1,0,3,4,3,1,4,1,0,2,3,0,2,5,2,0,6,3,2,6"
419,"3,2,0,4,0,5,3,0,0,2,1,4,0,4,2,6,2,1,3,3"
420,"6,1,6,3,0,1,3,3,4,6,4,5,2,5,0,6,6,0,5,4"
421,"4,1,6,6,0,4,4,4,5,0,2,0,0,0,4,2,4,4,4,4"
422,"2,4,2,5,3,4,3,3,4,2,3,5,0,2,5,5,6,0,6,0"
423,"3,3,1,3,4,4,3,2,2,3,1,3,3,1,2,6,1,5,4,0"
424,"0,3,1,2,0,3,1,6,2,0,4,6,4,3,5,3,2,4,2,0"
425,"6,2,1,1,1,2,5,4,5,6,5,1,5,1,4,3,1,1,0,3"
426,"5,6,5,6,5,5,6,2,4,4,2,3,5,1,3,3,5,4,5,3"
427,"0,5,4,0,4,2,4,4,6,5,5,6,3,3,5,6,0,0,3,3"
428,"4,6,4,0,2,6,1,6,2,1,5,4,6,4,2,3,3,6,5,3"
429,"3,3,3,4,2,6,1,4,5,5,4,3,6,2,0,1,3,4,3,3"
430,"1,6,5,4,3,6,1,5,3,5,4,0,6,0,0,3,4,2,2,6"
431,"0,2,5,0,5,0,4,5,2,3,1,4,6,2,6,4,0,6,6,5"
432,"6,0,5,4,6,4,1,1,1,2,2,5,0,1,1,4,3,4,5,3"
433,"1,0,2,5,4,5,0,0,4,3,2,2,3,3,1,5,5,3,3,6"
434,"5,4,4,4,3,5,6,4,5,6,3,2,0,1,1,3,1,2,5,5"
435,"0,2,4,6,3,3,4,4,0,0,0,5,6,3,6,5,1,2,3,0"
436,"3,3,3,3,5,6,3,3,4,1,5,4,6,4,0,0,5,0,6,6"
437,"3,1,6,0,5,2,6,4,4,2,1,4,2,5,4,1,3,3,0,3"
438,"6,5,0,0,0,6,2,2,3,5,3,6,3,1,3,0,4,4,1,6"
439,"5,5,4,5,2,5,4,3,5,5,6,1,0,3,1,3,3,5,2,0"
440,"1,2,3,6,6,1,4,6,3,6,5,0,3,6,6,0,0,0,4,2"
441,"6,4,4,6,1,0,6,2,0,5,5,6,5,0,5,2,1,5,4,2"
442,"3,2,5,2,6,5,3,3,1,3,5,3,4,3,2,6,5,5,3,5"
443,"0,1,5,2,0,5,4,5,1,5,0,3,6,1,2,0,1,1,3,0"
444,"1,6,1,5,1,5,4,0,0,3,6,2,0,4,1,5,1,4,4,3"
445,"5,2,3,4,4,3,3,2,6,1,1,5,1,2,1,2,0,3,0,2"
446,"2,4,4,2,6,6,4,6,5,2,2,4,6,2,4,3,1,5,6,4"
447,"6,4,4,2,2,1,5,0,2,1,0,0,6,1,3,3,6,6,6,0"
448,"6,4,3,5,6,6,1,5,3,4,1,0,4,6,6,1,5,2,4,2"
449,"5,6,1,1,6,1,0,0,6,5,5,1,5,3,4,2,4,5,3,0"
450,"4,4,4,0,5,6,2,3,3,4,5,0,4,2,3,6,3,4,6,5"
451,"4,2,3,4,2,6,4,0,3,6,1,2,1,2,2,2,2,2,5,5"
452,"1,5,1,4,4,1,1,5,4,0,3,2,1,3,1,0,2,6,6,4"
453,"1,4,3,5,4,5,5,3,6,6,0,2,2,2,1,3,1,0,0,3"
454,"4,5,6,1,6,6,6,1,6,0,1,2,4,2,6,0,6,2,3,3"
455,"1,5,4,4,0,4,3,3,5,3,4,2,1,6,4,4,0,3,5,6"
456,"6,5,5,4,3,3,6,2,0,0,5,3,2,2,5,4,3,1,6,1"
457,"0,5,5,4,4,6,1,6,6,1,5,2,3,1,2,3,0,3,0,3"
458,"1,2,4,6,0,4,1,3,1,2,0,0,6,2,1,3,1,6,5,6"
459,"0,1,6,0,6,1,6,6,4,6,2,3,1,4,4,1,2,0,5,1"
460,"3,1,5,4,1,2,3,5,6,4,0,2,0,1,1,5,3,0,3,4"
461,"0,6,1,4,2,2,3,6,6,4,5,2,6,1,6,2,4,6,4,5"
462,"2,0,2,6,0,3,3,3,4,3,6,5,4,5,2,1,3,5,5,0"
463,"0,4,0,4,1,6,6,1,2,0,2,5,1,1,1,4,4,6,6,5"
464,"6,5,4,5,2,5,6,5,4,6,3,5,1,5,1,4,4,4,6,2"
465,"0,4,6,5,0,0,4,6,4,4,2,6,1,1,0,2,6,2,1,4"
466,"1,0,4,4,6,1,0,5,5,3,5,2,3,6,3,6,5,4,5,1"
467,"1,4,1,0,4,5,1,1,2,5,6,2,2,6,0,1,2,6,5,5"
468,"4,1,0,6,0,3,3,2,4,0,5,0,6,4,6,3,5,2,5,2"
469,"0,3,5,5,2,0,3,4,5,2,1,3,0,6,3,5,6,1,2,0"
470,"2,3,6,5,4,5,3,6,0,1,2,6,3,1,5,6,6,6,5,3"
471,"3,6,5,2,1,0,1,0,1,2,3,1,3,3,0,4,2,6,4,0"
472,"6,5,3,0,0,6,4,3,2,1,5,1,3,2,2,5,6,4,3,0"
473,"2,6,1,6,2,3,3,6,2,1,6,0,4,6,2,1,5,1,4,5"
474,"2,2,6,0,0,5,4,6,2,6,1,2,2,6,2,6,6,2,1,4"
475,"2,2,5,6,6,4,1,1,4,1,0,3,6,4,6,1,6,2,2,1"
476,"3,5,6,6,5,2,0,4,4,1,5,2,0,3,3,3,5,4,0,3"
477,"6,3,4,3,1,1,4,0,0,6,5,2,2,2,2,5,0,6,3,3"
478,"3,4,4,0,3,5,6,3,5,5,2,0,1,2,6,4,6,6,0,1"
479,"0,6,6,2,3,4,5,0,3,1,5,3,5,5,3,2,6,3,2,1"
480,"6,2,1,5,1,6,4,0,2,3,0,1,4,1,1,2,5,6,4,6"
481,"3,6,5,2,2,5,6,1,2,1,3,2,5,4,4,0,4,5,5,2"
482,"3,5,2,0,3,6,6,0,1,3,0,2,3,2,0,3,0,0,3,0"
483,"3,4,1,1,5,4,5,4,3,4,4,4,2,2,4,3,1,3,5,1"
484,"6,6,0,5,4,1,3,6,1,2,5,2,4,1,1,5,4,6,2,5"
485,"1,6,1,0,3,1,5,5,6,1,5,2,1,1,5,6,2,6,1,1"
486,"2,4,4,5,3,3,2,4,4,5,4,6,5,6,2,3,0,1,4,6"
487,"4,0,5,0,3,4,2,4,5,3,4,3,0,1,4,3,0,3,2,1"
488,"5,3,2,2,4,1,4,2,2,3,5,5,1,0,5,1,3,5,5,0"
489,"5,5,5,4,4,2,5,3,3,6,0,2,5,6,5,3,5,5,2,2"
490,"6,5,5,5,2,5,1,4,1,3,6,5,1,4,3,6,6,0,1,5"
491,"6,1,0,2,5,4,0,1,2,1,3,4,4,5,2,5,1,6,5,5"
492,"2,6,1,0,3,3,1,0,0,0,0,5,4,6,2,3,5,1,2,0"
493,"4,6,1,4,1,6,2,4,1,3,1,0,2,6,0,1,1,5,5,4"
494,"1,1,6,2,4,4,0,0,5,4,2,2,1,0,4,2,6,4,0,6"
495,"3,6,3,0,0,2,1,3,1,2,0,4,0,2,2,1,1,2,0,2"
496,"2,6,4,6,4,3,6,6,6,5,1,0,6,3,4,1,1,5,5,4"
497,"5,4,0,0,0,2,3,3,1,2,5,5,6,5,2,4,6,5,6,5"
498,"3,1,5,1,1,2,3,3,6,1,4,4,0,2,4,4,5,1,2,0"
499,"5,4,1,3,2,5,4,2,4,5,2,6,5,0,0,6,4,3,0,1"
500,"5,5,4,2,6,2,0,1,3,1,2,3,6,5,0,4,3,5,3,4"
501,"0,4,6,0,3,3,6,3,4,5,1,4,5,0,0,1,4,5,1,6"
502,"5,0,0,4,5,0,1,6,5,5,5,4,4,0,5,0,6,2,5,1"
503,"4,0,0,0,3,6,3,4,0,1,2,1,6,6,0,0,6,3,0,0"
504,"0,4,6,6,6,1,3,0,5,2,2,4,3,2,4,6,6,0,4,1"
505,"2,1,1,4,3,0,5,2,6,1,0,4,4,6,6,5,4,2,5,1"
506,"0,6,2,6,2,5,2,6,1,3,0,5,3,0,6,1,5,3,0,0"
507,"4,0,5,0,4,2,6,6,3,4,3,5,1,1,3,1,3,4,4,6"
508,"0,3,6,6,3,0,0,5,4,1,2,6,4,6,3,1,6,3,3,0"
509,"0,1,6,5,4,2,6,3,6,2,0,3,2,0,5,6,3,4,1,0"
510,"3,1,6,1,4,1,5,3,4,5,0,5,2,1,2,2,1,1,2,3"
511,"2,4,5,5,1,4,1,1,5,5,2,5,0,4,1,0,4,0,0,2"
512,"0,2,3,4,1,6,4,0,5,4,6,0,0,1,3,6,3,3,3,3"
513,"2,0,4,2,5,2,4,2,0,1,3,2,4,0,0,0,0,1,4,6"
514,"3,6,3,1,4,5,6,6,3,6,1,4,3,0,6,3,3,6,0,3"
515,"1,0,6,1,5,4,6,3,1,0,3,4,4,6,5,3,0,6,4,2"
516,"1,1,3,5,2,6,3,5,0,3,0,4,2,3,0,5,1,4,2,5"
517,"0,2,0,5,0,6,0,2,1,3,6,0,0,1,5,0,0,0,0,1"
518,"4,5,6,1,1,0,4,0,3,4,4,2,3,3,6,1,4,5,3,2"
519,"2,5,4,1,3,2,2,4,3,6,2,5,4,2,5,0,1,6,4,5"
520,"4,1,3,2,3,1,3,6,1,5,4,5,1,3,3,0,2,4,5,0"
521,"0,0,3,2,5,4,0,0,6,2,5,3,3,3,3,5,1,2,1,4"
522,"2,5,4,5,1,4,6,3,0,1,2,0,6,5,1,2,6,1,4,2"
523,"4,6,0,2,4,6,5,0,3,5,4,0,3,3,0,4,3,1,0,0"
524,"0,0,4,3,4,2,3,2,5,2,0,0,4,3,1,5,1,3,2,6"
525,"3,4,3,4,6,4,1,4,6,0,4,0,0,4,1,1,2,1,3,6"
526,"4,1,6,2,4,4,4,2,0,6,0,4,6,6,2,0,0,3,5,1"
527,"1,4,3,3,3,2,4,1,1,1,5,3,5,1,3,2,6,4,1,1"
528,"1,4,4,5,1,5,6,2,5,1,0,3,3,2,4,6,5,3,4,3"
529,"3,6,4,4,6,6,0,6,2,1,5,4,5,1,1,4,1,3,2,0"
530,"3,5,4,4,5,3,1,6,3,3,2,6,2,5,5,3,5,3,4,6"
531,"1,6,0,4,2,4,4,3,4,3,4,2,5,2,2,5,0,5,2,2"
532,"2,6,3,1,1,2,6,6,5,2,4,6,0,1,6,0,2,1,0,4"
533,"6,2,0,4,5,5,4,1,1,0,5,3,1,3,6,0,4,3,5,6"
534,"5,3,2,0,1,6,2,1,5,2,3,1,5,4,2,4,1,4,6,5"
535,"6,2,2,5,5,6,4,0,0,0,6,5,4,6,2,3,4,6,4,4"
536,"2,1,4,3,6,5,1,0,3,6,2,6,0,1,6,2,2,3,6,5"
537,"5,0,4,3,0,0,3,4,0,3,1,3,1,1,6,4,3,4,3,3"
538,"0,0,3,0,3,4,2,3,5,4,4,3,3,6,2,5,0,2,6,0"
539,"1,3,2,1,1,2,5,3,2,6,1,6,2,6,5,3,3,5,4,3"
540,"2,1,0,6,1,6,6,0,2,2,1,6,2,1,2,4,4,3,4,6"
541,"5,0,5,2,0,0,3,1,1,2,6,3,4,1,6,1,0,0,0,3"
542,"5,4,3,5,3,0,3,4,3,3,4,0,4,5,3,2,2,2,0,4"
543,"5,0,6,5,5,2,3,4,3,0,3,4,2,6,6,4,3,1,0,6"
544,"1,1,5,6,1,0,1,1,1,3,6,2,5,5,0,1,0,2,5,4"
545,"5,4,5,2,1,5,6,0,0,0,2,5,0,4,4,5,4,5,5,2"
546,"3,4,3,4,3,6,2,4,6,6,5,3,1,6,0,3,5,4,3,6"
547,"5,6,2,6,4,2,2,1,2,0,4,6,5,4,1,0,6,5,5,2"
548,"0,3,3,4,5,1,1,3,4,1,4,2,1,3,2,5,2,6,4,4"
549,"1,2,6,3,4,5,1,6,1,6,6,5,4,4,3,5,1,4,5,6"
550,"1,1,4,4,1,4,4,6,1,0,3,1,5,4,0,1,1,5,4,6"
551,"3,1,5,0,5,6,6,0,2,5,2,3,4,3,2,1,2,2,4,2"
552,"6,6,3,0,6,5,1,6,3,3,6,2,2,2,2,2,3,5,2,1"
553,"1,5,4,4,4,0,3,1,2,3,3,3,6,6,2,4,0,2,2,0"
554,"4,2,0,6,3,5,4,4,2,2,1,0,6,0,3,0,3,4,2,3"
555,"4,0,1,6,6,2,2,2,4,4,6,2,5,4,6,1,2,6,1,5"
556,"6,1,1,3,4,6,3,6,6,4,0,3,5,4,0,5,3,0,1,5"
557,"2,0,4,6,3,5,6,5,5,2,2,0,0,2,6,4,6,3,3,1"
558,"3,5,6,0,0,1,0,3,0,5,1,2,2,5,5,3,4,1,1,6"
559,"5,0,5,3,2,6,0,1,6,0,5,0,4,2,3,0,2,5,0,6"
560,"1,4,2,6,5,0,3,4,4,4,1,5,1,5,4,1,2,1,2,4"
561,"1,4,5,5,2,1,4,2,6,4,2,5,3,2,5,6,2,0,2,1"
562,"3,0,1,4,2,1,0,5,4,4,3,0,2,2,2,0,3,5,6,5"
563,"2,0,3,5,6,0,5,3,5,3,3,2,1,5,3,1,5,5,6,2"
564,"5,0,6,3,5,1,6,0,0,6,4,5,6,3,2,0,0,0,4,4"
565,"6,5,5,5,3,6,5,2,6,2,0,4,4,0,3,5,2,2,5,1"
566,"0,5,3,4,1,2,5,1,1,2,0,4,2,3,4,0,2,4,0,6"
567,"0,4,2,5,6,1,3,0,3,1,2,1,2,0,1,2,6,2,0,4"
568,"1,1,6,2,4,5,5,1,2,1,1,1,5,4,4,5,5,4,2,6"
569,"1,5,2,1,3,3,4,1,6,1,4,0,6,4,4,6,1,6,2,2"
570,"6,1,3,0,5,6,5,4,2,3,1,6,1,1,5,5,4,5,1,5"
571,"0,1,6,4,1,2,0,3,2,5,5,3,4,4,4,4,2,5,1,1"
572,"4,0,0,3,6,3,1,3,1,2,3,5,3,2,1,1,5,4,5,5"
573,"5,3,4,4,2,0,3,3,0,5,0,1,3,6,0,3,2,2,0,4"
574,"3,3,5,5,4,5,5,6,3,5,2,2,1,3,0,1,3,1,4,1"
575,"2,2,6,5,4,6,0,4,4,1,6,2,4,6,4,6,4,0,3,0"
576,"3,6,5,1,1,4,0,4,4,4,4,0,2,1,1,4,6,6,2,5"
577,"6,3,2,6,5,3,1,3,6,3,4,5,5,2,1,3,4,2,1,6"
578,"4,5,2,4,6,3,3,6,1,2,2,3,4,6,5,1,4,6,4,5"
579,"5,4,3,5,5,0,1,5,0,5,1,1,2,0,2,2,3,2,5,3"
580,"5,6,4,2,3,3,6,6,4,0,6,2,0,1,0,5,4,4,4,5"
581,"2,0,6,4,2,2,2,6,6,3,5,4,0,6,1,5,5,2,3,1"
582,"5,4,3,6,5,1,5,0,1,3,2,6,0,5,3,4,1,0,3,2"
583,"1,5,6,3,4,5,0,4,2,3,1,4,4,3,3,5,6,2,3,0"
584,"6,0,1,2,5,1,0,3,0,1,2,2,6,3,3,5,2,4,2,0"
585,"5,5,0,6,0,4,3,1,2,0,4,6,3,6,0,2,6,3,0,1"
586,"5,3,5,0,0,0,5,6,0,6,1,3,3,6,0,4,5,3,2,2"
587,"3,0,1,2,6,3,3,0,6,2,1,1,2,0,3,2,4,5,4,0"
588,"1,6,2,1,2,0,3,6,5,2,1,3,0,2,5,4,6,4,6,0"
589,"6,0,3,5,4,1,1,0,0,1,6,3,0,5,5,5,4,0,2,3"
590,"0,0,0,1,6,4,3,1,2,1,5,1,5,1,4,1,0,3,0,5"
591,"2,4,3,2,2,2,6,3,4,0,4,0,4,1,0,0,0,5,0,1"
592,"5,5,5,2,2,5,0,2,3,4,4,4,2,1,0,0,1,4,6,6"
593,"6,1,4,6,4,5,1,2,4,6,2,3,3,1,6,0,2,3,1,2"
594,"3,6,3,4,0,5,5,1,4,2,3,4,0,5,6,5,3,3,1,6"
595,"2,3,5,1,0,2,5,4,0,6,6,6,0,2,0,1,4,1,6,0"
596,"2,4,3,3,4,0,0,5,1,1,4,3,4,4,2,0,3,0,4,0"
597,"4,0,3,1,5,1,0,2,6,3,0,5,2,1,6,1,4,4,5,6"
598,"3,5,5,1,3,1,1,2,6,3,2,3,1,6,4,5,0,1,2,4"
599,"4,1,6,0,0,2,1,0,1,0,5,2,4,3,1,3,2,2,4,2"
600,"0,3,1,6,0,6,2,5,4,4,2,0,3,0,1,2,3,2,0,4"
601,"4,0,1,4,0,4,0,0,1,0,4,1,2,4,2,4,1,5,3,5"
602,"3,4,4,4,0,0,2,2,0,2,4,5,2,1,1,3,4,4,0,6"
603,"2,3,6,1,1,2,2,2,2,3,6,2,2,6,6,0,0,1,3,2"
604,"0,0,1,3,2,6,6,5,5,3,0,3,1,3,5,2,2,2,4,5"
605,"5,0,2,6,0,1,4,0,3,2,1,3,0,0,2,1,3,6,1,5"
606,"6,4,4,1,3,2,2,2,3,2,3,4,5,0,6,4,1,1,2,1"
607,"6,1,5,3,6,0,1,6,1,1,6,3,2,0,4,3,4,0,1,0"
608,"4,4,4,4,3,0,0,4,6,2,2,4,3,0,5,5,3,1,4,6"
609,"1,5,3,4,0,4,5,0,4,2,2,0,0,4,5,2,5,2,1,3"
610,"3,2,4,4,5,6,6,1,5,0,5,2,3,3,1,1,0,1,3,0"
611,"6,1,4,5,6,2,0,4,4,1,0,6,1,5,3,2,5,3,3,3"
612,"5,4,1,6,5,4,4,6,1,2,0,5,4,4,6,6,1,6,2,4"
613,"4,4,1,1,4,6,0,3,2,6,5,0,5,3,2,5,4,4,2,6"
614,"5,2,1,6,1,0,1,5,5,1,6,3,6,3,1,0,2,3,2,6"
615,"2,3,0,3,4,1,4,0,3,6,1,3,4,5,3,3,0,6,5,0"
616,"2,1,1,3,5,0,1,1,3,1,0,0,4,2,4,1,6,5,6,6"
617,"3,0,4,4,2,2,4,2,5,6,3,2,1,6,5,6,0,2,4,6"
618,"6,6,1,4,3,0,5,2,1,4,2,6,4,4,5,5,4,2,2,2"
619,"2,3,5,5,6,4,0,1,0,0,0,2,4,4,0,2,2,1,1,0"
620,"4,4,4,3,5,0,0,2,2,1,0,3,5,5,1,1,6,5,6,4"
621,"5,6,5,0,4,3,0,4,2,0,2,3,0,2,6,6,6,3,5,6"
622,"1,2,4,2,1,0,3,4,3,2,5,1,2,3,5,6,0,6,3,5"
623,"3,6,6,4,3,6,2,5,2,5,0,2,5,3,4,0,3,0,3,1"
624,"1,1,2,4,3,1,6,6,3,5,6,4,1,6,5,0,1,0,5,4"
625,"2,1,5,2,5,1,6,4,1,3,4,3,4,6,6,6,6,3,5,2"
626,"2,2,0,3,6,4,5,2,6,5,0,5,5,6,2,0,0,1,6,2"
627,"4,0,6,4,4,4,6,6,4,5,2,4,3,5,4,6,3,2,2,1"
628,"6,6,2,6,6,5,5,0,0,4,6,1,0,5,2,4,5,1,4,6"
629,"0,3,2,4,5,1,5,0,2,1,5,3,6,0,2,1,2,2,5,5"
630,"6,5,3,2,0,4,1,1,3,4,1,0,3,4,5,6,0,1,2,1"
631,"2,0,6,2,3,3,3,1,4,0,5,4,1,6,2,6,1,6,2,5"
632,"1,0,5,0,3,3,0,4,4,3,6,5,2,0,2,0,2,1,0,2"
633,"4,5,1,3,4,2,2,2,0,4,4,6,6,2,1,1,6,6,5,3"
634,"5,0,6,6,5,2,6,3,6,4,2,2,3,1,5,3,5,1,4,4"
635,"2,5,0,5,0,5,1,5,6,1,1,3,6,0,2,4,1,2,5,5"
636,"1,3,3,2,4,5,3,5,4,5,1,4,2,5,4,3,2,3,4,4"
637,"1,6,1,3,5,1,5,3,3,1,0,5,2,5,1,0,1,5,0,3"
638,"6,1,1,4,3,4,6,1,1,4,4,1,0,1,4,3,5,5,5,5"
639,"3,1,6,5,6,6,0,1,5,0,5,4,4,1,6,2,4,4,6,5"
640,"6,5,3,1,3,6,6,2,4,1,5,2,5,3,4,6,3,1,6,4"
641,"2,1,1,3,0,4,0,5,5,2,3,5,5,5,2,1,2,3,3,0"
642,"6,6,5,4,3,1,2,6,2,4,6,2,3,1,3,0,0,5,6,5"
643,"3,0,3,1,6,6,0,6,4,6,2,6,6,5,3,5,1,4,5,4"
644,"2,1,0,6,1,2,1,3,3,2,2,4,4,0,4,5,4,1,6,0"
645,"4,6,2,1,0,3,1,2,5,4,1,3,1,4,6,1,2,5,4,1"
646,"4,3,6,0,3,6,2,3,3,5,6,4,1,0,3,6,5,4,0,0"
647,"2,4,0,1,0,0,2,0,4,3,3,5,3,0,4,0,6,3,2,1"
648,"1,2,5,5,2,5,2,3,0,5,5,5,4,6,6,5,6,3,2,1"
649,"5,1,3,4,1,0,4,5,0,3,0,1,3,5,3,2,5,3,2,4"
650,"0,0,1,1,0,1,1,1,5,2,3,1,2,1,4,2,6,5,6,4"
651,"1,4,2,3,3,0,0,5,0,6,1,6,4,5,2,4,0,6,6,2"
652,"0,0,6,3,3,3,3,1,0,0,0,2,1,6,5,6,0,5,3,0"
653,"2,1,4,3,0,2,5,0,3,5,3,0,4,3,4,1,2,5,3,5"
654,"5,5,5,5,5,6,1,0,2,2,6,4,2,1,0,4,1,3,4,4"
655,"4,2,0,6,6,4,4,5,2,4,1,6,0,5,0,3,2,6,2,2"
656,"3,5,1,3,1,4,2,3,2,3,6,2,0,3,3,6,6,4,5,2"
657,"3,2,6,5,0,1,3,2,4,2,0,3,6,6,0,2,5,4,4,5"
658,"2,5,1,3,3,0,4,6,3,5,4,6,4,5,4,2,0,2,5,6"
659,"1,5,4,2,5,1,3,0,3,4,4,4,0,2,1,4,4,6,5,2"
660,"4,3,4,1,3,0,2,4,5,1,6,4,6,4,3,1,4,4,0,0"
661,"4,5,0,1,6,4,6,3,0,4,6,4,3,5,4,6,0,3,6,3"
662,"2,1,2,5,1,5,1,1,0,2,1,1,1,6,0,0,0,2,1,2"
663,"3,3,1,2,0,5,1,0,1,1,3,1,5,4,5,2,0,3,0,2"
664,"4,5,6,3,2,5,0,3,2,4,2,6,1,3,3,5,2,4,1,5"
665,"5,5,3,5,0,0,2,2,1,2,1,6,5,1,3,2,6,0,6,5"
666,"3,5,6,4,1,6,4,6,4,3,3,6,0,2,2,2,4,0,5,0"
667,"5,2,5,2,5,6,1,6,2,2,3,5,4,5,6,5,5,6,3,2"
668,"5,6,1,5,3,1,6,6,3,1,1,0,3,2,1,2,5,3,4,3"
669,"5,3,5,4,1,6,6,3,3,2,3,3,6,3,3,6,4,2,0,0"
670,"1,2,1,4,2,2,0,6,3,4,3,2,2,5,2,1,6,1,2,2"
671,"3,2,6,6,3,1,0,0,5,4,1,5,1,6,5,5,2,3,3,5"
672,"0,4,4,6,1,4,0,1,5,4,1,4,2,3,3,5,6,3,4,4"
673,"5,4,4,3,5,5,4,3,4,0,4,5,3,3,2,2,4,6,5,3"
674,"3,6,6,5,6,5,6,6,2,0,2,6,6,0,3,0,4,3,2,0"
675,"0,5,5,6,3,6,2,3,5,4,3,5,2,5,3,3,4,3,1,4"
676,"3,6,4,1,4,2,6,3,6,2,3,0,3,6,5,4,3,6,6,2"
677,"1,5,5,0,0,3,1,2,1,0,1,4,3,2,1,1,5,3,6,6"
678,"0,4,6,5,5,3,4,1,0,4,1,6,2,5,1,1,1,3,5,5"
679,"0,2,3,4,3,4,1,4,3,3,0,5,5,3,5,2,3,2,6,2"
680,"4,6,2,3,0,0,2,4,6,6,1,1,0,0,5,2,2,6,0,6"
681,"2,5,6,5,0,5,6,3,1,2,1,1,2,6,4,1,0,4,1,0"
682,"3,0,3,1,4,0,2,1,0,4,0,2,3,2,4,2,5,2,4,6"
683,"0,1,1,1,1,0,1,3,4,6,1,4,3,0,2,1,5,3,5,6"
684,"2,0,3,5,4,6,5,5,0,0,1,5,1,0,2,6,0,0,5,2"
685,"0,4,1,6,5,0,1,4,4,2,3,0,5,0,5,3,5,2,3,4"
686,"1,4,0,3,1,6,2,0,2,4,5,0,5,2,3,3,0,1,4,5"
687,"1,6,6,1,0,2,0,2,0,1,0,4,4,3,4,4,5,6,0,3"
688,"1,3,4,4,0,1,4,4,5,4,6,1,1,0,2,4,2,4,3,5"
689,"2,1,4,4,4,3,3,5,0,3,4,1,0,5,0,4,4,1,3,5"
690,"0,1,3,0,4,6,0,0,3,6,2,3,3,3,4,3,3,1,5,6"
691,"6,2,6,1,2,1,0,1,1,3,2,1,1,5,6,2,5,5,0,2"
692,"0,2,5,3,5,2,3,4,0,1,3,3,2,0,0,1,2,3,3,0"
693,"1,5,4,1,0,2,0,3,4,5,0,1,3,5,3,1,2,0,3,1"
694,"3,6,4,1,1,3,4,3,0,2,1,4,6,2,1,4,6,1,4,6"
695,"6,2,0,3,0,5,4,5,1,3,0,6,2,5,2,4,1,6,5,0"
696,"6,1,0,1,3,6,6,0,6,2,0,2,5,6,0,2,6,1,6,2"
697,"0,5,4,6,6,4,6,2,4,4,4,0,5,0,1,3,6,1,1,5"
698,"3,3,3,2,5,4,4,6,0,5,0,2,0,6,5,2,0,2,0,6"
699,"1,0,4,4,3,5,2,4,0,0,1,4,1,2,0,2,6,1,4,4"
700,"1,5,1,3,2,6,4,0,2,2,1,4,4,5,3,6,2,5,6,6"
701,"4,2,2,4,1,0,3,1,1,5,6,3,3,5,5,4,4,3,4,0"
702,"6,6,6,6,3,4,0,2,6,4,3,0,3,4,0,0,5,0,2,4"
703,"0,5,6,1,3,5,4,2,0,4,1,4,2,3,2,0,1,2,0,6"
704,"2,1,6,5,2,5,4,0,1,6,4,4,6,6,0,6,0,3,2,1"
705,"1,3,4,0,0,4,0,2,1,6,5,4,2,3,3,2,3,2,1,2"
706,"1,4,5,6,0,3,0,1,6,1,1,4,6,1,1,3,0,1,0,5"
707,"1,3,6,5,5,4,2,2,0,3,5,2,6,1,4,6,2,5,4,0"
708,"4,6,5,2,0,3,2,2,5,4,1,1,1,1,0,4,2,3,5,5"
709,"5,2,2,1,5,0,0,5,0,0,4,6,1,2,1,6,5,3,4,1"
710,"3,5,0,1,2,4,0,0,6,3,1,0,3,5,5,5,3,4,2,4"
711,"4,5,3,6,2,0,6,3,0,5,5,4,4,6,1,1,1,4,5,6"
712,"5,3,1,1,1,6,2,1,1,0,2,1,6,3,3,2,0,2,3,3"
713,"1,6,5,2,3,6,4,4,0,1,1,0,0,6,3,3,2,2,4,2"
714,"4,4,0,5,6,3,6,1,2,0,1,4,1,4,1,5,0,4,4,3"
715,"1,1,4,4,0,0,3,3,3,4,4,0,4,2,3,4,4,6,1,3"
716,"3,6,2,1,3,1,6,2,5,3,4,0,4,0,0,3,5,5,4,4"
717,"5,1,0,1,1,4,0,1,4,6,5,3,1,4,1,2,6,4,6,0"
718,"3,4,0,1,6,2,4,3,1,4,3,4,5,4,0,0,6,2,4,0"
719,"1,4,5,1,6,0,3,0,2,0,6,2,6,3,4,6,2,5,5,5"
720,"3,5,0,6,4,6,3,3,1,6,1,3,4,1,2,5,4,2,0,1"
721,"2,1,0,6,5,2,0,2,6,4,3,1,4,3,3,4,2,4,4,0"
722,"6,5,3,3,4,5,0,2,5,1,5,1,5,2,4,0,6,0,1,3"
723,"6,6,6,0,1,4,4,2,3,4,4,6,0,3,4,3,5,6,0,1"
724,"3,0,3,4,5,5,0,1,6,0,1,3,5,3,5,3,4,0,4,0"
725,"1,3,5,2,0,6,1,6,5,0,5,6,0,3,2,1,6,6,2,1"
726,"3,6,1,2,2,5,2,5,0,1,4,4,5,4,3,2,6,5,0,0"
727,"2,2,4,2,5,1,3,1,6,5,3,0,2,2,3,0,2,4,6,4"
728,"0,2,2,3,6,3,1,1,5,2,3,6,6,2,5,5,5,4,2,6"
729,"1,1,3,4,6,4,5,6,3,5,4,0,2,0,0,0,4,4,3,5"
730,"0,1,6,2,5,6,0,1,4,6,1,0,3,6,2,2,6,2,1,1"
731,"3,2,5,0,6,3,0,5,0,1,4,1,6,4,3,4,0,2,2,6"
732,"3,2,1,5,2,5,4,6,6,3,3,5,5,0,6,2,5,3,5,2"
733,"4,5,6,2,1,1,6,6,0,6,6,6,1,0,3,3,2,4,4,2"
734,"3,2,2,3,6,4,0,6,3,3,1,5,5,6,2,2,3,4,0,3"
735,"4,4,6,4,0,1,0,3,1,1,1,5,2,6,3,3,1,2,4,0"
736,"4,0,1,6,5,1,5,2,6,2,2,5,6,4,2,6,4,2,2,2"
737,"6,5,6,1,1,6,1,0,5,4,1,3,2,2,4,3,4,1,3,5"
738,"1,0,5,6,2,6,6,0,3,6,3,1,0,3,1,1,5,2,4,6"
739,"1,5,1,5,2,4,3,1,1,5,4,6,6,5,0,4,5,4,0,3"
740,"5,6,3,5,1,1,1,1,0,2,6,3,6,6,5,5,0,5,2,2"
741,"5,6,4,6,4,2,1,2,3,6,0,1,2,0,6,1,2,1,1,3"
742,"3,4,4,4,5,1,6,6,5,1,6,3,3,1,3,5,6,3,0,1"
743,"5,6,4,0,3,0,2,5,0,0,5,0,4,5,2,2,1,3,6,2"
744,"6,2,1,2,3,1,0,2,4,0,6,5,5,4,0,5,1,0,2,0"
745,"3,6,6,1,0,5,4,0,4,1,3,1,5,1,5,0,2,0,4,6"
746,"2,3,4,0,4,5,5,5,0,6,0,0,0,5,5,0,0,3,6,0"
747,"3,5,5,2,0,5,1,5,0,4,6,4,4,6,0,1,4,5,5,3"
748,"5,2,6,2,4,0,5,4,5,0,0,4,2,3,1,6,6,0,6,2"
749,"4,4,2,1,5,5,6,6,6,3,1,3,6,6,6,0,5,2,6,3"
750,"3,0,5,2,2,0,6,2,4,0,3,3,5,3,5,4,5,2,6,6"
751,"6,2,0,0,0,1,3,0,5,5,4,2,5,1,4,4,0,2,1,2"
752,"3,6,5,3,0,0,3,6,3,3,2,2,6,4,5,6,1,5,4,0"
753,"1,4,5,0,3,0,0,2,1,1,3,2,4,6,2,0,2,4,4,0"
754,"5,2,5,1,1,5,1,4,3,3,4,4,4,4,0,6,2,0,5,5"
755,"1,4,4,2,3,6,1,2,1,6,2,6,3,5,0,5,3,2,5,3"
756,"5,1,3,4,6,2,4,3,6,4,2,4,2,0,2,3,1,0,2,2"
757,"4,1,4,5,6,1,6,0,6,6,0,4,5,0,2,6,2,5,4,6"
758,"6,2,3,2,0,2,6,3,6,4,1,2,4,1,1,0,0,5,6,3"
759,"6,1,5,1,4,0,2,1,0,0,2,0,0,2,5,3,0,0,0,3"
760,"6,2,0,6,2,4,4,2,1,4,5,2,3,4,1,2,6,0,3,4"
761,"1,2,3,3,3,2,5,4,3,2,2,2,6,0,1,4,2,6,4,0"
762,"6,1,6,0,4,0,4,6,2,5,6,4,4,2,4,0,1,5,3,5"
763,"5,3,5,3,3,0,5,2,4,4,4,6,4,5,2,0,3,4,2,1"
764,"1,1,0,6,1,1,0,2,4,0,4,6,6,6,4,5,1,0,2,3"
765,"2,5,4,2,2,4,1,0,4,1,5,6,6,3,4,0,1,5,2,2"
766,"4,6,0,4,3,6,1,5,3,4,5,0,0,3,3,6,3,6,4,5"
767,"5,6,1,5,5,1,3,0,5,6,6,0,5,5,0,3,4,2,0,3"
768,"1,1,3,1,0,4,3,2,5,4,6,2,4,5,3,4,5,4,3,6"
769,"0,2,3,0,2,2,1,1,4,5,5,3,6,0,5,1,3,2,3,5"
770,"4,0,1,2,1,0,2,0,6,5,3,0,1,2,1,5,3,5,4,2"
771,"6,5,1,6,0,0,2,5,5,1,6,0,0,5,1,0,2,0,2,4"
772,"1,4,6,3,5,3,1,2,4,5,0,4,0,5,5,0,0,3,1,2"
773,"5,6,1,3,3,6,0,6,3,3,0,5,6,6,2,0,0,0,6,1"
774,"4,2,6,2,3,5,1,2,4,1,1,2,5,1,5,6,2,1,5,6"
775,"6,6,0,1,3,4,0,4,1,1,1,6,0,0,4,5,1,2,3,6"
776,"5,4,6,2,0,6,1,6,3,4,1,4,1,1,6,0,5,6,6,4"
777,"6,1,0,3,5,6,4,5,1,5,4,6,2,2,5,2,6,3,4,6"
778,"1,3,4,4,2,2,3,0,0,0,5,4,1,4,1,3,2,6,5,0"
779,"2,5,4,2,5,6,4,4,5,2,5,4,4,4,4,5,1,3,4,3"
780,"6,1,0,4,0,4,3,2,1,2,6,4,2,5,0,4,0,2,1,2"
781,"4,0,6,3,1,2,5,3,4,3,4,4,0,1,2,5,5,6,5,2"
782,"1,1,0,1,5,6,6,4,5,0,6,0,4,1,4,6,3,3,6,5"
783,"4,5,3,6,2,0,6,0,1,4,5,0,5,4,3,4,4,2,4,5"
784,"6,4,0,3,1,5,1,2,5,4,4,5,1,6,1,3,6,1,6,2"
785,"2,1,2,0,2,4,2,3,1,0,6,6,6,6,5,1,3,2,5,5"
786,"0,3,4,6,0,2,2,5,3,4,5,0,4,2,6,4,5,3,1,0"
787,"3,3,4,0,0,2,2,5,4,2,4,4,1,6,6,6,2,2,3,0"
788,"6,6,3,3,5,0,6,3,2,3,3,4,4,0,3,4,0,3,1,2"
789,"1,0,0,6,0,1,2,3,0,2,1,3,3,5,6,4,3,6,0,6"
790,"4,6,3,4,6,0,0,1,4,1,6,3,0,3,4,3,3,2,5,3"
791,"1,6,4,1,1,0,0,3,4,4,0,1,6,0,4,6,0,3,1,0"
792,"4,0,3,4,3,3,0,0,3,6,6,6,6,0,0,2,0,2,3,2"
793,"0,5,3,1,3,2,2,2,2,2,1,2,0,5,1,6,0,2,5,1"
794,"4,3,0,6,3,2,6,1,1,0,5,2,6,2,5,1,5,2,6,4"
795,"5,5,2,2,4,4,5,0,1,2,0,3,3,6,1,0,4,6,0,1"
796,"5,1,2,1,5,6,2,1,3,5,2,2,6,0,1,0,2,3,2,3"
797,"2,5,4,0,4,4,4,5,2,3,4,6,3,4,2,4,6,2,5,5"
798,"1,0,1,3,6,6,2,3,4,4,1,2,1,3,6,1,6,4,1,3"
799,"1,5,2,4,1,0,3,3,3,5,6,3,0,1,1,0,5,3,2,0"
800,"3,3,1,5,5,6,2,2,0,2,2,6,6,5,2,1,6,2,5,4"
801,"2,0,3,1,1,6,4,4,4,0,6,5,2,0,2,4,2,2,6,3"
802,"3,1,4,1,3,3,5,6,5,1,4,6,6,3,0,6,3,2,0,2"
803,"3,1,3,4,3,5,0,4,3,2,6,6,0,3,3,3,2,5,2,6"
804,"3,1,1,1,0,4,3,5,0,1,5,6,5,1,0,1,6,1,3,5"
805,"1,6,2,6,4,1,2,3,6,3,6,5,3,3,2,3,1,3,1,3"
806,"4,6,4,3,4,4,6,2,5,3,6,1,0,2,1,1,3,0,3,5"
807,"0,1,4,4,4,2,4,4,1,5,1,5,0,4,1,3,3,6,0,2"
808,"4,0,6,6,2,1,3,0,6,3,0,4,6,3,2,5,4,0,4,0"
809,"4,5,3,2,6,5,3,0,2,4,4,5,5,4,0,4,1,2,6,6"
810,"4,0,5,4,0,5,1,6,4,2,6,6,3,5,5,0,6,4,2,2"
811,"6,3,2,4,3,1,1,5,6,5,3,1,1,0,5,5,1,4,2,4"
812,"6,2,5,6,0,1,0,1,2,2,6,4,6,2,6,4,6,3,0,3"
813,"4,4,1,0,2,6,2,0,3,5,2,1,2,6,2,3,5,3,3,3"
814,"0,4,6,1,2,2,4,4,4,6,4,6,1,6,0,6,5,1,1,0"
815,"0,0,2,4,5,4,3,4,4,3,4,2,3,3,5,6,1,0,3,4"
816,"0,4,1,0,6,1,1,4,1,5,4,4,6,0,0,2,0,4,6,2"
817,"1,2,5,6,4,4,1,4,1,3,3,2,3,0,4,3,0,1,3,6"
818,"4,1,1,6,5,4,1,4,5,0,2,1,4,2,0,5,5,5,0,2"
819,"2,2,1,2,6,4,2,3,4,0,2,0,1,6,0,2,4,6,2,3"
820,"0,2,6,5,6,2,4,1,3,6,2,6,5,6,2,4,4,1,5,0"
821,"1,6,1,6,2,3,4,4,2,5,1,2,5,0,1,5,6,1,4,6"
822,"5,5,6,2,5,2,2,2,6,6,6,0,5,1,4,3,4,0,4,5"
823,"5,6,5,6,5,0,2,2,1,4,3,1,2,6,2,6,2,3,1,6"
824,"2,4,5,0,3,2,1,6,2,5,5,4,1,0,2,2,4,3,0,5"
825,"0,2,2,4,5,3,4,6,2,2,1,4,3,5,2,6,0,3,0,0"
826,"6,5,1,3,5,3,0,1,6,0,1,4,2,1,2,3,1,5,4,6"
827,"1,2,5,2,4,2,1,4,2,1,2,6,4,6,5,4,6,0,5,4"
828,"1,4,6,5,6,5,3,0,0,6,2,6,3,5,3,3,1,4,3,0"
829,"2,3,1,0,0,0,0,2,0,1,4,3,1,3,2,5,0,0,3,6"
830,"3,6,6,6,6,2,5,3,2,2,0,1,6,6,1,2,6,2,0,6"
831,"5,5,0,2,4,3,4,5,3,6,3,0,4,4,4,5,3,5,1,2"
832,"6,0,6,1,6,0,3,0,5,5,1,6,4,6,4,1,0,6,2,3"
833,"3,2,6,0,1,5,2,4,5,6,1,5,3,5,0,6,6,1,4,4"
834,"3,6,2,0,6,1,3,0,0,0,5,5,1,1,4,4,1,2,6,4"
835,"2,3,3,4,4,1,2,2,1,1,6,1,6,4,2,1,3,3,2,2"
836,"0,4,1,4,3,0,6,5,0,0,2,5,6,3,6,2,2,5,6,3"
837,"1,5,2,2,3,1,0,5,6,2,1,6,1,6,4,2,6,3,5,3"
838,"4,0,0,6,0,5,6,5,4,5,0,4,1,4,1,3,2,6,5,2"
839,"3,2,1,5,2,1,5,0,3,2,5,0,3,0,0,6,4,1,6,2"
840,"2,6,4,4,4,1,6,1,0,5,1,1,0,2,4,2,3,0,4,5"
841,"2,5,5,6,2,3,5,6,2,5,4,6,1,4,5,3,6,4,3,1"
842,"5,6,1,2,6,0,1,5,5,6,3,3,5,4,1,3,6,3,6,1"
843,"5,6,5,6,0,2,2,3,2,1,0,4,4,3,4,2,4,1,1,5"
844,"2,0,0,6,6,6,6,1,2,3,6,1,5,5,1,4,3,1,4,3"
845,"4,0,4,6,1,2,5,2,6,1,5,3,5,0,3,1,5,6,5,1"
846,"1,0,0,1,4,3,1,3,3,4,4,5,1,1,0,5,2,1,0,0"
847,"2,4,6,3,0,5,1,4,2,5,1,6,3,2,3,6,4,3,3,5"
848,"2,2,1,6,0,6,0,5,2,2,1,2,0,6,6,2,3,5,3,6"
849,"5,4,5,1,4,2,1,0,0,3,2,3,4,3,6,0,3,5,2,6"
850,"0,3,0,6,3,2,1,0,3,0,0,5,1,1,0,4,6,1,0,4"
851,"6,3,1,1,1,5,1,3,0,0,6,0,3,6,0,1,5,6,0,5"
852,"0,4,6,1,3,4,2,4,1,4,2,5,2,5,5,1,5,0,6,5"
853,"2,2,0,6,5,3,3,1,5,2,3,4,2,6,2,5,3,2,4,5"
854,"2,0,5,0,0,3,5,6,1,0,6,0,1,4,2,2,5,1,0,1"
855,"2,6,6,6,2,4,3,1,6,3,5,6,4,6,5,6,4,4,5,1"
856,"6,5,1,1,2,2,2,5,4,3,4,4,5,4,5,6,0,0,6,0"
857,"2,3,2,4,1,4,0,1,3,6,3,2,2,0,0,3,3,2,6,0"
858,"6,2,5,6,2,0,2,4,5,6,2,2,1,6,2,5,1,5,2,4"
859,"5,2,4,1,4,1,4,3,6,5,4,6,2,6,5,2,1,0,3,2"
860,"3,0,3,4,3,4,6,2,5,0,0,5,4,1,0,5,4,5,2,0"
861,"4,2,3,2,1,0,2,6,6,2,0,3,0,2,2,5,6,0,1,6"
862,"5,1,3,5,1,5,3,0,4,5,2,5,6,2,2,3,5,0,5,2"
863,"5,5,0,1,0,0,0,3,3,0,0,5,1,3,6,3,1,0,3,6"
864,"1,1,4,6,5,6,4,3,3,3,5,2,6,2,6,5,6,1,1,2"
865,"2,5,5,1,3,3,3,5,4,6,3,0,3,2,3,2,2,4,3,2"
866,"5,4,5,6,4,3,0,0,1,6,6,6,6,2,4,3,3,3,4,3"
867,"2,1,0,0,2,5,4,1,5,4,4,0,3,5,0,3,4,0,0,5"
868,"6,2,2,5,6,2,5,5,5,2,0,6,1,2,0,2,2,6,3,5"
869,"3,1,3,3,6,6,5,0,3,2,5,6,4,6,3,2,5,2,5,4"
870,"5,5,2,2,4,5,0,0,5,0,0,3,3,4,2,1,4,4,3,4"
871,"2,0,6,2,0,2,4,5,3,5,6,5,2,4,2,6,2,1,1,1"
872,"2,6,1,4,3,1,3,0,2,2,2,1,1,5,1,3,4,1,1,5"
873,"4,0,3,1,5,3,3,6,4,0,1,0,4,1,4,1,2,6,1,6"
874,"6,2,5,3,3,0,1,5,4,0,0,2,0,4,1,4,4,4,3,1"
875,"2,6,6,4,2,2,6,3,0,0,2,6,1,3,2,1,4,4,0,1"
876,"1,1,0,0,2,2,0,5,5,1,3,4,2,1,4,6,4,6,6,5"
877,"1,1,5,0,4,0,1,1,2,2,3,0,3,6,6,4,0,5,1,5"
878,"4,0,2,4,5,6,4,2,5,6,0,4,0,4,3,3,0,6,3,4"
879,"1,4,5,2,6,5,5,0,6,3,6,6,0,1,3,2,2,6,5,3"
880,"4,1,1,6,6,6,5,0,5,1,2,0,0,4,0,4,3,5,0,5"
881,"1,6,3,5,5,0,3,3,3,3,4,0,6,2,4,6,6,1,4,5"
882,"4,6,3,6,5,6,1,3,2,0,5,6,0,3,6,5,3,3,0,4"
883,"3,0,3,2,6,6,5,2,3,3,6,0,6,1,0,4,6,2,2,4"
884,"2,3,4,2,5,6,6,6,3,6,1,3,1,5,1,0,4,3,5,2"
885,"3,6,3,0,4,4,6,0,0,0,2,5,6,3,4,4,1,4,5,6"
886,"0,3,0,0,6,0,3,2,1,4,4,1,0,5,0,1,0,4,6,1"
887,"4,6,6,2,2,0,6,4,5,5,3,1,5,3,6,2,3,2,1,5"
888,"2,3,1,3,2,0,3,3,4,2,3,0,5,2,0,5,4,4,1,4"
889,"1,0,2,4,5,3,3,1,2,1,1,2,0,5,5,5,6,5,1,1"
890,"6,1,5,6,5,5,6,4,5,2,5,4,1,3,5,3,1,0,2,4"
891,"2,2,3,1,6,1,5,2,3,0,3,1,5,1,1,5,4,3,1,2"
892,"5,6,1,4,1,1,4,3,1,0,6,1,0,0,1,5,6,6,1,3"
893,"4,1,4,3,5,5,6,6,5,5,0,4,3,0,3,0,6,0,1,0"
894,"6,0,3,0,5,2,5,6,2,0,4,5,4,1,3,6,3,0,0,0"
895,"4,3,2,2,2,2,4,2,3,3,2,1,0,0,5,3,0,6,2,3"
896,"1,2,3,0,3,4,1,4,6,1,3,4,0,5,6,3,2,4,1,0"
897,"3,3,4,3,0,1,0,5,5,4,5,6,5,2,4,6,6,4,5,2"
898,"5,1,2,5,2,0,6,2,0,6,5,0,3,2,0,5,5,2,0,5"
899,"6,4,1,1,6,2,6,3,6,0,6,2,4,1,3,1,6,0,4,2"
900,"1,5,1,0,6,3,5,0,6,0,2,0,4,1,4,4,1,4,2,1"
901,"0,2,3,0,2,2,6,2,0,4,5,0,5,2,4,0,5,5,1,3"
902,"1,6,4,4,1,1,5,4,3,0,0,2,1,2,3,2,3,6,0,5"
903,"3,0,5,6,5,2,2,6,4,3,6,1,4,4,6,0,3,3,5,1"
904,"5,5,5,5,4,2,2,2,4,6,2,2,1,1,1,4,2,4,6,5"
905,"5,4,0,4,6,3,0,1,6,1,4,4,4,4,2,4,4,4,2,4"
906,"2,1,2,5,5,6,0,3,2,6,5,2,6,5,5,1,2,0,0,1"
907,"3,2,3,3,4,3,0,1,4,4,5,4,1,1,0,5,5,5,4,5"
908,"0,3,4,3,2,4,5,3,2,2,0,1,2,1,0,4,0,6,5,2"
909,"0,1,5,4,5,2,2,6,5,5,5,3,4,1,1,4,3,0,1,2"
910,"0,4,4,6,5,2,0,0,4,3,5,0,0,6,3,2,2,3,4,3"
911,"1,0,1,4,3,1,2,1,6,1,5,4,0,1,0,0,6,4,2,0"
912,"2,2,3,2,2,3,4,0,2,4,0,1,0,4,2,2,0,5,3,2"
913,"5,2,1,6,2,3,3,5,2,1,3,3,6,6,1,2,6,5,2,4"
914,"4,2,0,4,0,6,5,0,6,6,3,4,6,4,2,3,6,1,4,4"
915,"1,0,1,1,2,2,3,0,5,2,2,5,4,3,1,0,1,3,5,2"
916,"5,6,6,3,0,4,4,5,0,2,6,5,4,4,1,0,6,3,2,4"
917,"5,5,5,0,5,2,4,1,3,0,4,0,5,6,5,3,2,2,0,6"
918,"2,0,6,2,2,1,5,4,4,4,0,3,2,2,3,5,0,0,2,2"
919,"6,0,0,1,5,5,2,1,5,1,2,6,4,0,4,0,5,0,6,4"
920,"5,6,4,4,6,6,5,1,5,4,6,1,4,2,4,3,1,1,5,4"
921,"5,0,2,0,6,2,1,5,5,6,5,6,2,6,1,5,1,1,4,1"
922,"1,2,2,0,5,1,2,3,0,4,0,0,0,3,3,5,5,6,0,2"
923,"2,4,6,5,6,1,3,5,5,1,0,4,5,2,2,2,3,3,3,4"
924,"4,4,4,3,1,6,1,1,5,1,2,1,0,0,5,2,5,1,5,1"
925,"2,4,1,6,1,2,0,0,1,1,0,1,0,1,4,3,2,3,3,3"
926,"6,6,5,3,2,3,3,1,5,0,6,0,2,2,1,4,5,1,1,6"
927,"5,4,5,4,3,0,5,2,4,6,5,3,6,4,5,1,6,6,3,5"
928,"5,4,3,1,6,3,1,6,6,6,3,2,2,4,6,2,5,6,2,3"
929,"4,6,3,0,4,4,4,5,5,3,5,3,1,4,0,6,6,0,5,6"
930,"4,3,6,6,3,4,6,5,1,0,1,6,2,3,1,1,2,3,2,0"
931,"3,3,2,6,1,4,4,0,0,0,5,0,2,6,3,3,3,2,3,5"
932,"3,1,3,6,6,4,2,0,1,5,1,2,6,3,3,3,0,3,3,5"
933,"4,5,5,5,6,3,4,3,2,1,0,4,2,2,6,5,1,2,2,1"
934,"3,0,1,6,0,4,3,0,0,1,0,2,2,5,3,2,1,6,4,0"
935,"6,1,0,2,0,6,4,2,6,5,6,0,1,1,6,0,4,6,5,6"
936,"3,4,6,5,4,4,4,1,5,0,5,3,4,4,1,4,1,6,2,2"
937,"0,3,3,4,6,4,6,2,6,6,0,5,4,6,0,0,5,1,0,3"
938,"6,3,4,3,1,2,4,4,6,2,0,4,6,3,0,1,2,4,0,1"
939,"4,4,6,5,0,3,0,5,2,2,3,5,1,2,0,0,4,6,6,6"
940,"5,6,1,1,2,1,4,5,5,6,6,2,1,4,2,4,0,3,6,3"
941,"1,4,6,2,4,2,6,0,0,1,1,1,6,5,4,2,6,1,4,0"
942,"0,3,4,4,1,6,4,0,3,3,6,6,3,1,6,1,3,1,1,3"
943,"4,5,5,5,4,3,2,5,2,0,6,5,0,1,1,6,6,2,4,6"
944,"2,6,1,4,5,5,4,5,6,0,4,2,0,6,1,1,2,3,0,2"
945,"0,1,2,6,3,0,6,3,1,0,2,0,3,4,5,2,5,0,4,0"
946,"4,1,6,0,4,6,0,6,3,5,6,0,3,2,3,4,2,1,1,0"
947,"0,1,2,4,6,0,5,4,4,1,1,2,2,4,1,3,0,4,4,1"
948,"2,3,2,4,5,2,1,6,3,6,6,5,3,3,2,1,4,5,1,1"
949,"3,6,4,5,2,5,2,2,4,6,6,2,0,1,6,5,2,1,4,0"
950,"2,3,0,4,1,2,2,5,1,0,2,4,1,4,2,0,6,5,6,3"
951,"2,6,6,0,6,2,2,2,5,5,5,3,2,6,3,5,2,4,6,4"
952,"0,4,4,1,1,0,1,5,1,6,2,2,2,6,1,3,4,3,0,0"
953,"4,6,2,0,2,4,6,6,0,0,3,5,3,4,5,4,3,5,6,4"
954,"0,2,2,6,0,2,0,4,2,0,2,5,0,6,5,1,5,6,3,0"
955,"3,4,4,0,6,6,4,6,5,6,0,4,4,1,6,2,0,3,3,1"
956,"6,0,1,2,1,3,3,3,2,2,0,1,3,2,1,5,5,0,0,2"
957,"0,0,5,4,6,2,5,0,0,6,0,0,0,6,3,4,6,1,4,1"
958,"4,5,3,3,1,3,4,4,3,1,0,4,2,0,2,0,5,4,2,1"
959,"4,4,5,3,2,5,2,3,4,2,0,1,2,0,5,0,5,4,1,4"
960,"5,4,0,2,3,6,3,2,1,4,2,0,0,4,2,0,1,4,4,5"
961,"0,5,0,4,4,1,6,2,5,4,2,4,5,5,6,3,0,6,6,1"
962,"2,2,5,5,0,4,1,4,5,4,6,1,3,2,3,2,3,4,4,5"
963,"3,1,5,2,3,5,4,1,0,0,1,0,5,4,5,0,2,5,0,1"
964,"6,4,1,0,1,5,4,1,0,1,0,5,1,6,3,1,1,1,0,3"
965,"6,0,4,0,4,6,2,6,2,2,2,4,4,3,4,0,4,2,2,5"
966,"4,3,4,6,5,6,5,2,1,0,1,6,4,4,3,2,1,0,3,6"
967,"3,0,0,3,0,6,4,5,2,3,5,6,3,5,1,5,6,5,5,5"
968,"3,1,1,6,2,3,2,3,3,0,0,3,6,1,6,1,3,3,3,6"
969,"2,1,0,1,0,3,0,4,0,1,4,6,6,2,4,3,2,5,2,2"
970,"5,5,1,0,0,1,2,3,4,3,6,3,5,0,3,0,2,4,1,2"
971,"4,4,5,4,2,0,2,4,6,4,5,4,2,3,5,0,6,5,5,0"
972,"0,1,6,5,6,1,2,6,3,2,5,6,6,0,0,2,5,5,1,1"
973,"4,2,1,3,6,6,3,4,1,1,4,1,4,0,5,5,5,5,1,6"
974,"3,0,2,5,0,6,1,0,4,5,4,2,1,3,3,5,3,3,1,1"
975,"2,4,1,5,0,5,5,4,5,5,6,6,5,1,6,4,0,2,0,2"
976,"4,5,5,4,4,4,4,4,6,3,2,3,1,1,5,6,2,5,4,5"
977,"5,3,5,6,0,4,1,4,5,1,0,3,4,2,3,5,5,4,0,1"
978,"0,6,2,3,4,2,4,6,5,3,5,5,2,0,0,0,4,3,0,3"
979,"1,4,2,2,0,3,0,6,0,4,0,5,6,5,1,6,5,6,6,5"
980,"1,3,6,5,3,3,5,4,1,3,2,3,4,0,0,5,1,3,4,3"
981,"0,2,6,6,6,4,4,2,0,0,0,2,4,6,4,3,5,4,4,2"
982,"1,3,5,6,2,0,4,4,5,4,5,5,0,3,3,6,4,2,5,6"
983,"5,5,5,4,3,5,0,1,2,6,5,1,3,0,2,6,2,3,1,6"
984,"2,2,2,6,4,4,4,1,1,5,5,5,3,5,0,0,4,2,6,4"
985,"0,2,3,2,1,0,4,2,6,4,5,6,3,0,0,2,4,2,3,1"
986,"5,3,0,3,6,4,3,5,0,1,4,4,6,6,1,5,5,3,4,1"
987,"0,3,2,6,0,2,5,1,4,1,5,1,2,0,6,2,6,0,6,5"
988,"3,1,0,6,0,6,5,0,1,0,1,3,3,2,4,4,3,1,5,3"
989,"5,6,4,5,3,6,4,1,6,2,1,4,4,4,6,3,5,0,3,1"
990,"6,0,3,0,0,3,1,5,4,3,4,5,2,4,0,5,1,0,2,4"
991,"3,5,3,1,6,5,5,6,0,0,1,3,5,1,4,2,5,6,4,6"
992,"1,3,5,0,5,4,4,1,6,6,3,3,4,1,4,6,4,1,1,0"
993,"3,3,5,3,6,3,6,2,4,5,5,2,6,3,3,5,1,5,6,2"
994,"4,4,6,3,0,4,2,1,3,0,2,5,0,3,5,4,5,6,5,5"
995,"2,5,4,2,4,0,1,3,3,6,6,4,4,3,3,5,3,3,6,6"
996,"6,3,2,2,3,3,6,4,3,0,3,3,2,5,3,4,6,5,0,0"
997,"6,5,1,6,2,5,6,4,1,0,1,5,6,4,1,3,2,1,1,0"
998,"3,6,1,2,5,3,1,6,2,6,4,4,2,1,5,5,2,0,5,3"
999,"6,3,4,3,4,4,3,6,4,3,2,4,6,2,6,1,1,0,6,2"
1000,"4,4,2,1,6,4,4,1,2,5,4,5,0,4,1,5,4,5,3,1"
1001,"3,2,0,2,1,2,4,1,3,6,4,3,4,0,2,5,1,4,1,4"
1002,"1,0,3,4,0,0,3,1,1,1,4,4,4,3,6,0,4,0,2,0"
1003,"3,2,2,4,0,1,4,1,4,0,5,3,6,2,1,4,3,1,0,6"
1004,"6,4,5,2,2,5,1,6,6,6,5,3,6,5,0,6,3,0,5,4"
1005,"3,6,5,0,5,2,2,5,6,5,5,5,5,3,4,5,6,1,0,4"
1006,"3,3,5,3,0,6,1,2,3,0,2,5,2,4,0,1,3,6,2,2"
1007,"1,4,4,5,4,2,1,2,6,0,6,3,4,6,4,3,4,3,2,0"
1008,"3,4,3,4,3,3,5,2,5,6,1,6,3,1,2,1,5,6,5,4"
1009,"1,6,1,6,4,1,1,2,0,2,2,3,2,6,1,4,5,0,6,1"
1010,"5,4,3,0,4,1,2,3,4,1,5,5,3,6,0,5,0,6,3,3"
1011,"2,5,5,4,4,6,4,0,6,5,0,5,5,1,3,5,2,6,2,3"
1012,"3,6,6,2,3,3,5,5,4,3,2,2,0,4,3,1,1,1,2,2"
1013,"0,5,6,0,3,2,5,5,3,6,1,3,0,3,2,6,1,2,6,1"
1014,"4,2,3,6,1,0,5,5,3,3,1,4,6,2,2,1,3,2,6,6"
1015,"0,2,0,3,0,1,0,3,2,1,4,0,5,4,4,2,0,4,0,0"
1016,"6,2,1,6,2,0,0,2,5,2,4,3,0,4,2,4,1,0,6,5"
1017,"1,6,0,6,2,1,3,1,3,3,6,3,6,3,2,2,4,5,4,5"
1018,"1,2,3,1,6,5,4,1,4,4,0,3,5,3,0,6,6,2,3,3"
1019,"4,0,0,0,4,0,6,4,0,3,0,2,4,6,4,6,5,3,6,5"
1020,"2,6,6,2,1,1,2,2,4,5,2,0,2,0,2,6,5,4,2,2"
1021,"0,3,5,5,1,1,2,3,0,5,3,5,2,5,0,0,2,2,6,1"
1022,"0,3,3,6,6,0,6,5,2,6,0,5,5,6,1,4,6,3,6,1"
1023,"6,2,4,2,3,3,2,6,3,5,5,4,6,2,1,3,5,1,6,0"
1024,"5,0,0,0,1,5,5,0,5,3,5,2,5,0,2,5,1,2,5,3"
1025,"5,5,5,0,4,1,0,1,5,1,3,4,2,1,2,4,4,6,1,0"
1026,"2,3,3,1,2,6,0,0,3,1,3,0,1,4,5,6,2,6,6,3"
1027,"0,1,2,6,3,4,3,5,3,2,5,3,6,0,1,3,4,4,2,4"
1028,"1,1,4,2,4,5,3,3,2,6,1,2,3,1,1,3,6,6,0,6"
1029,"5,2,3,5,0,1,3,6,3,4,5,1,6,4,0,5,5,6,2,4"
1030,"3,1,5,4,5,1,6,5,6,3,4,5,1,0,6,4,1,0,3,1"
1031,"6,5,1,6,6,1,6,5,3,2,5,6,6,0,0,0,0,0,3,2"
1032,"1,6,6,6,5,0,4,5,6,2,6,2,4,2,0,4,0,0,0,0"
1033,"6,5,4,3,5,3,4,2,2,0,2,2,5,5,3,2,6,6,0,2"
1034,"2,4,1,5,5,3,4,1,0,2,1,5,5,0,4,0,6,0,2,3"
1035,"6,5,4,2,3,6,4,1,2,6,0,4,1,6,2,5,4,0,6,5"
1036,"6,4,6,1,4,4,3,4,2,6,6,1,0,2,4,4,0,2,4,5"
1037,"2,6,0,5,1,6,6,2,5,3,3,1,1,5,6,6,2,1,3,1"
1038,"3,3,4,2,6,0,2,3,6,0,3,0,1,5,4,3,2,6,5,4"
1039,"5,1,1,0,4,0,3,3,0,4,0,0,3,0,5,5,3,4,0,5"
1040,"4,3,3,6,5,5,2,6,1,0,3,3,6,5,0,6,3,3,4,4"
1041,"4,6,6,4,4,4,0,6,6,5,6,2,4,6,6,3,6,4,2,0"
1042,"1,3,1,4,1,4,6,6,0,6,6,2,0,4,2,5,3,0,0,3"
1043,"2,6,0,4,3,0,6,2,6,5,5,2,2,1,3,2,4,0,1,6"
1044,"1,3,4,0,6,2,2,4,0,6,3,5,6,4,2,3,2,1,0,3"
1045,"2,3,3,4,6,1,2,1,0,5,1,6,4,6,1,0,6,0,3,4"
1046,"5,2,2,1,1,1,6,0,5,0,4,3,6,0,4,0,6,0,6,2"
1047,"1,3,1,1,0,1,6,2,6,3,2,4,4,3,5,5,1,2,6,0"
1048,"2,2,1,4,1,1,0,3,0,0,3,5,3,3,1,2,4,4,3,4"
1049,"4,6,6,1,1,5,1,1,6,6,3,5,1,3,1,0,0,6,0,1"
1050,"4,1,2,3,5,2,0,0,5,2,1,2,5,5,1,4,3,6,6,4"
1051,"2,0,0,5,3,6,3,5,0,6,6,0,5,1,6,3,1,6,2,6"
1052,"2,0,1,0,1,1,0,5,4,2,0,5,4,5,5,0,2,4,2,4"
1053,"5,4,2,1,2,6,6,4,1,3,6,2,1,5,6,2,5,0,0,3"
1054,"6,1,2,0,6,3,2,3,3,0,4,6,6,4,1,3,2,2,3,4"
1055,"6,6,1,4,3,1,1,2,1,3,4,3,3,5,3,6,5,2,4,0"
1056,"6,1,0,3,4,4,1,6,1,6,4,6,6,0,3,2,1,3,6,4"
1057,"2,3,4,6,6,0,6,6,2,4,3,5,5,3,0,6,5,3,0,3"
1058,"0,6,1,5,0,5,2,4,1,6,6,5,1,3,3,6,1,5,5,4"
1059,"1,5,1,6,2,0,5,3,1,1,1,6,4,2,6,5,5,6,3,6"
1060,"6,4,6,2,4,5,3,6,0,6,3,3,5,6,6,5,6,0,1,0"
1061,"0,2,6,2,3,6,6,0,3,6,1,4,1,4,3,4,0,1,2,5"
1062,"4,0,4,2,4,5,5,6,0,2,5,0,5,4,4,6,1,1,4,5"
1063,"1,3,1,1,5,0,5,0,1,0,1,1,2,2,1,2,0,1,5,1"
1064,"0,0,3,5,4,4,3,2,0,2,3,5,5,5,3,5,6,2,4,0"
1065,"6,5,1,3,3,0,1,6,3,2,1,2,2,4,4,5,2,3,5,0"
1066,"1,2,6,1,6,5,3,0,1,6,2,3,5,5,0,3,0,4,6,0"
1067,"5,0,2,2,4,6,3,3,4,0,1,1,4,1,0,6,2,2,4,4"
1068,"0,2,4,1,2,3,5,3,3,0,3,0,0,5,4,4,6,1,0,4"
1069,"6,4,2,1,0,5,1,5,0,6,4,5,5,5,4,3,0,1,4,0"
1070,"2,0,5,5,4,1,6,1,0,2,0,3,6,1,2,4,0,5,2,0"
1071,"1,6,0,4,1,0,6,1,6,3,2,1,2,2,0,3,4,4,0,5"
1072,"2,4,5,6,0,3,1,6,0,5,2,0,1,3,2,0,6,5,1,3"
1073,"3,2,1,3,3,1,1,1,5,1,2,0,0,5,1,5,3,6,4,0"
1074,"3,0,3,4,3,4,1,0,3,0,4,4,6,5,5,2,6,4,2,5"
1075,"6,4,0,4,0,1,4,3,3,5,3,2,5,2,3,1,0,5,6,4"
1076,"2,6,3,0,6,1,0,5,0,2,2,1,5,2,4,5,2,6,1,4"
1077,"4,0,2,2,1,4,1,0,0,0,6,3,0,3,4,6,6,0,3,4"
1078,"0,6,2,1,2,4,3,4,1,0,2,0,2,3,2,0,1,6,0,0"
1079,"0,2,6,6,0,0,0,2,5,1,3,4,4,3,3,3,5,4,5,3"
1080,"4,1,0,1,6,4,3,5,5,1,0,3,2,1,2,2,0,2,5,1"
1081,"0,6,5,0,4,6,0,6,4,4,5,6,4,0,4,6,6,2,6,2"
1082,"1,0,3,0,5,6,4,3,5,6,2,3,3,6,3,6,0,3,3,5"
1083,"5,0,0,5,0,6,5,2,2,6,1,4,4,5,5,6,5,5,6,1"
1084,"2,6,3,4,2,0,6,0,0,3,3,2,5,5,5,3,3,6,4,2"
1085,"5,3,4,3,5,3,5,5,1,3,2,2,0,2,1,4,1,0,1,3"
1086,"1,6,4,2,3,2,3,0,2,6,4,0,6,6,0,5,0,2,4,5"
1087,"6,3,2,6,4,6,4,6,3,3,3,0,6,5,5,3,5,6,6,6"
1088,"5,0,4,1,2,6,6,2,6,2,2,6,4,3,4,6,4,6,3,2"
1089,"0,4,2,6,2,4,4,0,3,5,1,0,4,3,6,5,5,3,3,6"
1090,"6,0,1,1,1,4,0,3,2,4,5,3,1,0,4,2,5,6,6,5"
1091,"3,2,4,3,1,4,6,6,2,1,2,6,1,1,5,4,4,1,4,2"
1092,"1,0,0,5,1,5,2,4,0,4,2,2,2,5,2,2,5,4,0,0"
1093,"5,6,1,2,4,6,6,2,2,3,3,3,3,0,5,4,1,6,0,1"
1094,"2,6,1,2,3,4,1,5,4,1,2,4,3,4,4,3,2,2,2,5"
1095,"1,4,1,4,6,6,1,0,3,6,3,1,1,2,5,6,6,1,4,4"
1096,"5,3,6,6,6,4,6,0,2,2,4,2,5,3,3,6,2,0,6,0"
1097,"0,3,1,5,4,4,0,5,6,1,3,2,2,2,2,3,0,6,4,2"
1098,"6,1,1,2,2,0,5,3,4,2,3,4,2,1,6,6,5,3,0,2"
1099,"4,2,3,5,1,0,3,4,5,5,3,2,6,1,1,2,4,3,0,6"
1100,"1,0,4,2,1,1,1,1,0,3,3,4,6,5,1,4,0,5,6,6"
1101,"1,3,2,5,1,0,4,1,1,5,4,0,0,5,5,3,1,4,2,6"
1102,"6,0,5,0,1,4,2,3,0,4,1,0,5,1,5,2,5,1,0,0"
1103,"2,3,3,5,6,0,5,0,6,0,5,2,6,4,6,0,0,1,3,4"
1104,"5,2,5,2,6,6,6,2,5,4,3,0,0,3,1,5,5,1,4,5"
1105,"4,0,4,4,2,4,1,5,1,2,5,1,6,1,5,0,3,2,4,5"
1106,"5,5,1,1,4,1,4,3,5,2,4,5,1,5,4,5,6,3,2,5"
1107,"3,5,1,4,5,3,1,0,4,2,0,4,0,2,4,1,2,5,0,2"
1108,"2,3,0,3,5,4,6,0,2,5,3,1,6,1,5,5,6,1,3,3"
1109,"0,6,2,2,4,2,3,5,2,1,6,5,5,6,1,6,5,2,2,3"
1110,"4,1,2,6,4,5,2,6,5,1,2,3,5,1,4,4,4,0,2,5"
1111,"4,3,3,2,3,6,2,4,0,1,6,2,2,4,4,1,1,4,0,2"
1112,"5,5,6,1,4,0,5,6,5,2,5,5,0,6,0,0,1,1,3,4"
1113,"4,2,5,3,5,6,1,2,3,2,5,4,4,0,6,3,4,5,3,0"
1114,"2,3,1,3,4,2,5,1,2,6,6,0,6,2,2,6,3,2,6,4"
1115,"6,3,5,5,6,1,4,6,1,5,2,3,2,0,5,0,0,6,3,5"
1116,"1,1,5,2,0,0,0,1,0,1,6,5,6,4,6,5,3,3,0,6"
1117,"3,5,6,4,6,2,1,5,2,3,4,5,4,2,1,2,1,1,3,0"
1118,"6,1,1,1,3,5,1,0,2,6,3,5,1,5,4,4,3,4,5,1"
1119,"1,0,6,5,3,5,6,4,0,6,2,5,2,2,5,4,5,1,6,6"
1120,"0,5,4,3,0,0,6,6,5,2,6,6,3,5,0,6,6,1,3,1"
1121,"4,5,6,2,2,1,2,5,1,1,6,5,2,5,2,0,5,2,2,6"
1122,"1,4,1,0,6,2,0,5,6,3,4,5,0,3,6,2,1,1,5,6"
1123,"2,0,2,6,1,1,5,2,6,3,0,6,5,0,5,4,3,6,2,4"
1124,"3,5,0,4,3,2,1,1,1,0,0,0,2,1,1,6,4,3,4,5"
1125,"1,1,5,6,5,1,5,4,0,0,4,5,0,5,2,2,3,3,0,6"
1126,"5,2,1,2,1,4,5,2,1,6,6,6,4,0,3,3,1,2,5,1"
1127,"2,3,5,0,0,4,5,0,0,2,6,3,4,1,0,4,5,3,5,4"
1128,"1,1,1,1,1,2,2,0,4,1,1,2,6,2,2,2,5,3,0,6"
1129,"4,6,6,2,0,5,5,4,6,2,0,2,0,5,1,5,5,5,6,1"
1130,"1,2,5,5,2,2,1,6,2,3,3,3,0,0,2,6,4,6,0,5"
1131,"3,1,2,1,6,2,1,1,1,5,5,5,2,6,1,4,5,4,6,1"
1132,"0,4,5,0,5,6,3,2,5,2,0,1,4,1,3,3,4,4,4,5"
1133,"0,6,5,2,0,3,1,4,0,6,6,5,5,6,2,0,5,2,0,2"
1134,"2,4,5,1,0,1,1,1,3,3,1,0,1,4,0,0,1,2,4,0"
1135,"0,4,1,3,4,1,0,1,1,5,0,6,3,0,5,2,4,5,5,1"
1136,"1,3,4,5,2,2,2,0,4,1,6,1,5,6,2,0,2,0,1,2"
1137,"0,0,1,3,5,5,1,0,6,0,6,4,2,5,5,4,1,4,4,5"
1138,"5,2,6,2,2,0,0,2,2,4,1,2,5,2,4,6,3,0,1,1"
1139,"6,4,6,5,0,6,6,6,4,3,1,6,4,1,0,2,5,5,5,0"
1140,"1,6,6,1,1,6,2,2,4,2,2,4,2,3,3,3,3,3,1,6"
1141,"3,0,1,2,0,5,2,4,3,0,2,3,0,2,2,4,2,2,6,3"
1142,"3,5,0,3,0,2,5,2,3,1,6,4,0,1,0,5,6,4,4,2"
1143,"0,2,5,5,6,0,2,3,2,6,6,5,1,3,2,4,2,2,0,1"
1144,"2,5,4,3,2,2,3,1,4,5,5,5,4,5,4,6,4,0,5,0"
1145,"5,4,0,5,0,2,1,5,4,1,2,5,0,5,6,6,6,2,3,4"
1146,"3,2,6,2,3,5,5,4,5,0,0,1,6,3,2,4,0,0,2,2"
1147,"2,6,1,3,2,2,1,0,0,6,3,4,3,1,3,4,5,2,3,4"
1148,"3,0,2,2,2,0,3,4,3,6,5,6,5,6,4,0,0,0,6,6"
1149,"3,1,5,1,5,6,1,2,0,4,5,6,2,1,0,3,4,3,2,0"
1150,"5,0,5,3,4,0,2,0,6,0,3,2,4,6,6,3,4,0,1,0"
1151,"4,3,1,0,0,1,1,6,1,1,2,5,0,1,4,2,3,3,6,0"
1152,"1,4,4,4,0,2,5,3,6,1,0,5,4,1,4,5,5,6,1,0"
1153,"5,0,0,5,0,5,3,3,6,4,4,5,0,2,5,4,3,5,3,5"
1154,"6,5,5,1,3,1,4,0,2,1,3,4,3,6,5,6,3,2,5,2"
1155,"4,5,0,5,2,2,4,2,1,6,1,5,6,5,0,5,3,5,3,6"
1156,"2,2,0,6,6,3,4,3,5,1,3,0,4,0,2,4,0,1,5,4"
1157,"6,6,0,3,2,3,0,5,2,6,2,1,5,5,0,3,3,2,6,3"
1158,"5,1,5,0,6,5,1,2,3,1,0,1,2,2,5,5,0,6,4,0"
1159,"4,3,1,2,3,5,3,1,6,1,0,5,4,5,3,1,4,1,5,2"
1160,"4,2,0,0,0,5,5,5,6,2,5,3,2,2,6,0,0,3,5,0"
1161,"3,1,5,2,5,0,0,2,5,0,4,3,1,6,0,0,0,5,3,1"
1162,"0,4,5,3,2,4,0,2,5,1,3,0,3,5,0,6,1,0,2,4"
1163,"4,6,2,6,2,4,3,0,5,2,0,6,6,4,5,1,1,5,3,4"
1164,"5,6,0,0,3,1,5,6,0,1,2,1,2,6,3,0,2,6,2,0"
1165,"6,5,0,0,3,4,2,5,5,5,5,0,0,5,4,2,2,5,6,2"
1166,"2,5,5,3,1,0,0,1,0,1,1,4,4,4,2,2,2,0,4,0"
1167,"3,0,6,5,1,2,3,6,3,4,2,0,4,4,1,0,3,0,5,5"
1168,"0,6,5,0,0,6,4,6,3,1,5,4,2,1,5,3,5,6,4,6"
1169,"1,0,3,2,4,4,2,3,0,6,3,0,1,1,3,1,2,6,3,3"
1170,"4,0,0,3,4,0,1,0,4,0,2,3,0,0,2,5,2,4,4,6"
1171,"6,6,4,1,3,1,4,2,4,1,3,6,1,5,2,3,5,4,4,4"
1172,"5,1,1,4,5,5,5,0,2,1,5,4,5,4,3,0,4,3,6,0"
1173,"5,4,3,3,3,3,4,4,1,4,2,4,1,4,4,4,1,1,0,2"
1174,"1,5,0,3,6,1,0,4,1,5,3,3,6,4,2,4,3,1,6,6"
1175,"5,3,1,0,0,0,4,1,4,1,1,3,0,3,3,0,0,2,4,0"
1176,"3,5,4,3,2,4,2,1,0,1,0,3,0,6,2,2,4,3,5,0"
1177,"5,2,5,2,6,2,5,1,5,6,6,5,2,0,4,6,6,2,0,3"
1178,"3,2,2,0,5,4,2,1,1,5,5,4,6,3,6,1,6,6,2,5"
1179,"2,4,4,6,0,4,1,2,0,2,6,1,4,5,1,2,3,3,4,6"
1180,"6,5,0,0,0,5,1,6,2,3,5,2,6,0,3,4,1,3,0,5"
1181,"0,6,3,5,6,6,4,3,3,5,0,2,2,6,2,2,6,6,5,5"
1182,"5,5,6,1,1,4,3,2,4,2,5,2,6,1,6,1,4,0,4,1"
1183,"6,5,4,0,6,5,2,1,5,1,0,3,2,6,4,3,1,5,2,0"
1184,"0,4,0,1,2,2,4,5,3,1,4,1,5,6,2,3,2,4,6,0"
1185,"5,2,4,0,4,4,5,4,3,0,4,5,3,4,1,3,1,2,1,3"
1186,"4,6,4,2,5,4,0,3,0,1,2,0,2,0,4,1,2,0,4,1"
1187,"2,0,0,1,2,2,5,5,2,0,3,6,3,0,0,0,5,2,3,1"
1188,"6,1,2,2,1,1,1,5,2,2,4,5,2,6,4,4,6,0,0,2"
1189,"2,4,0,5,3,2,6,0,4,2,0,2,3,2,5,4,1,0,3,1"
1190,"4,6,5,3,1,2,4,1,1,3,6,6,1,5,3,2,5,3,1,0"
1191,"4,4,0,1,2,6,5,5,6,5,6,5,3,1,1,2,5,4,2,0"
1192,"0,5,6,4,5,6,6,3,1,1,5,4,5,2,4,6,3,0,1,3"
1193,"4,1,0,2,0,2,2,2,4,2,6,4,2,4,2,5,4,0,0,0"
1194,"1,3,5,4,1,6,1,1,4,3,5,3,5,1,0,2,5,0,5,6"
1195,"2,5,3,3,5,4,5,1,1,2,3,6,2,2,2,4,4,6,3,6"
1196,"1,1,0,5,2,6,3,1,3,6,6,1,0,0,6,5,2,3,1,4"
1197,"5,5,0,2,6,0,4,0,0,0,6,1,1,0,0,1,1,3,1,5"
1198,"1,6,4,2,0,5,1,5,2,5,6,6,4,6,0,0,0,3,2,1"
1199,"0,3,6,0,3,3,5,3,0,5,5,5,3,6,2,5,3,4,4,3"
1200,"3,4,3,5,0,0,5,6,4,5,1,2,5,1,4,0,1,3,5,2"
1201,"3,6,0,0,1,0,0,2,3,3,6,0,2,3,1,2,1,2,3,0"
1202,"5,5,3,0,1,5,4,5,1,4,5,0,3,1,4,2,2,0,3,1"
1203,"3,5,2,2,0,4,5,3,0,3,4,6,3,3,5,5,5,4,5,4"
1204,"3,0,4,4,6,1,5,5,1,3,2,4,0,6,1,0,6,2,1,4"
1205,"3,1,2,0,4,6,5,5,5,1,4,6,1,6,1,5,0,4,3,5"
1206,"2,3,5,3,6,6,3,0,6,3,6,5,3,5,2,0,0,5,6,5"
1207,"2,5,2,0,2,0,4,2,1,6,6,5,5,0,1,1,6,0,0,1"
1208,"1,3,0,4,5,3,3,4,5,2,3,2,1,0,2,4,6,4,5,1"
1209,"3,3,1,5,2,3,2,5,2,3,3,1,6,5,0,5,4,2,5,2"
1210,"0,2,6,4,5,2,0,2,5,4,1,6,5,0,3,2,3,4,5,5"
1211,"2,0,6,3,3,3,3,6,5,5,1,6,2,2,2,3,6,3,6,2"
1212,"6,0,3,2,1,3,2,1,0,4,5,0,3,4,4,4,3,6,2,4"
1213,"1,5,6,2,2,5,2,0,2,5,4,3,0,0,5,2,5,5,5,4"
1214,"5,4,5,0,0,0,0,4,4,6,3,1,2,0,5,5,5,0,6,1"
1215,"4,2,5,0,4,3,5,1,1,3,0,2,2,4,5,1,0,1,5,3"
1216,"6,3,4,1,6,2,4,6,3,1,5,4,4,4,4,3,0,5,3,5"
1217,"1,1,1,6,5,0,1,6,6,1,1,0,6,2,3,6,4,4,1,4"
1218,"4,4,5,2,1,4,4,1,2,2,2,0,5,6,0,3,2,5,4,2"
1219,"4,5,1,5,0,6,4,4,3,2,1,6,6,5,4,5,3,4,5,1"
1220,"1,0,5,5,4,6,3,1,1,0,2,4,6,2,1,6,6,4,2,0"
1221,"5,0,6,1,6,3,6,0,0,4,2,2,4,2,6,3,6,3,1,4"
1222,"3,3,0,3,2,5,3,5,6,1,3,6,0,3,3,1,5,5,2,2"
1223,"2,3,3,2,4,5,4,4,3,0,3,0,4,4,5,4,5,6,1,1"
1224,"0,4,5,5,1,6,5,0,2,4,0,6,4,6,0,4,0,4,1,2"
1225,"2,5,3,1,4,0,5,2,1,5,4,3,0,1,3,2,3,6,6,0"
1226,"0,1,5,1,2,4,4,1,2,1,0,6,0,4,5,2,3,3,2,6"
1227,"4,3,5,4,6,5,0,1,5,4,1,4,3,3,3,1,4,2,2,3"
1228,"1,0,5,6,0,3,0,6,4,4,0,6,4,3,2,6,4,4,1,0"
1229,"0,3,6,0,1,5,1,1,0,6,2,5,4,1,1,4,3,1,4,3"
1230,"1,3,4,2,3,5,3,3,5,1,4,2,2,2,1,5,1,4,1,2"
1231,"1,2,0,4,5,2,5,3,6,0,0,3,4,3,3,1,5,2,3,3"
1232,"0,2,2,4,1,6,3,2,4,6,1,2,5,1,1,4,1,4,1,6"
1233,"4,5,6,6,4,2,3,3,2,5,5,0,2,1,4,3,5,2,5,5"
1234,"6,2,2,2,2,5,4,4,2,4,1,0,0,4,0,1,2,6,4,3"
1235,"1,0,0,0,2,6,1,6,2,5,0,5,4,4,4,3,6,2,4,5"
1236,"1,6,4,2,4,1,3,6,2,5,5,5,6,0,2,1,1,3,1,5"
1237,"3,4,3,5,1,3,1,6,0,1,0,2,5,0,4,1,5,4,5,4"
1238,"1,4,4,0,2,1,6,4,0,1,6,3,3,5,1,1,5,4,3,1"
1239,"5,6,0,5,6,2,1,2,0,3,1,5,6,6,6,4,1,2,2,0"
1240,"1,0,2,2,1,5,3,2,5,3,1,2,0,6,0,0,4,2,5,6"
1241,"3,4,5,2,6,2,0,4,2,2,1,6,0,4,5,0,3,5,4,4"
1242,"5,0,5,2,0,2,4,4,2,0,5,1,2,6,0,5,3,4,6,1"
1243,"3,5,6,4,0,1,0,0,3,1,3,0,5,2,5,0,0,4,4,6"
1244,"0,5,5,3,3,2,2,0,0,4,0,1,2,4,1,2,2,6,6,1"
1245,"0,6,2,0,3,0,3,4,3,5,2,2,3,6,5,2,6,6,2,5"
1246,"5,4,1,3,2,3,5,6,5,5,2,1,0,4,5,2,6,5,1,6"
1247,"5,5,2,0,2,4,0,3,1,2,4,5,6,2,4,0,1,1,2,1"
1248,"3,5,4,2,1,3,1,6,5,5,2,5,0,0,2,3,4,3,1,0"
1249,"3,2,4,5,4,0,0,2,6,6,2,6,0,3,2,6,3,4,1,2"
1250,"5,6,2,2,4,1,6,4,0,3,1,6,6,2,3,1,6,4,0,3"
1251,"4,5,0,3,6,6,1,6,1,5,5,6,5,0,6,3,1,5,6,0"
1252,"6,0,2,5,5,4,1,6,6,2,4,5,5,3,5,0,1,6,5,3"
1253,"6,4,1,2,2,4,3,1,0,1,1,4,0,4,2,3,4,0,1,2"
1254,"1,1,6,4,0,2,5,4,5,0,0,5,4,0,0,5,4,6,2,3"
1255,"1,4,6,6,6,4,6,1,6,2,6,2,1,4,2,3,4,0,1,3"
1256,"2,6,3,2,5,4,5,2,0,4,6,6,3,5,0,5,5,5,4,4"
1257,"6,1,0,2,2,5,1,0,4,3,3,6,5,6,0,5,2,4,5,4"
1258,"6,2,6,3,6,2,3,5,6,6,5,0,3,6,3,6,1,0,4,0"
1259,"6,2,5,4,6,5,0,6,6,5,0,3,1,1,0,5,3,2,3,1"
1260,"3,1,6,1,0,2,1,5,4,4,2,2,6,1,1,0,5,1,1,1"
1261,"0,1,6,3,0,3,4,1,5,1,1,4,0,5,4,1,5,4,4,1"
1262,"1,4,0,0,1,2,2,4,0,4,4,3,6,0,0,3,3,2,1,4"
1263,"4,0,0,4,6,6,4,0,4,0,0,5,0,4,1,5,4,0,4,2"
1264,"6,4,5,2,3,6,6,1,2,5,5,5,2,1,5,0,6,5,6,3"
1265,"2,5,5,1,2,4,5,2,1,6,3,3,1,4,4,3,4,4,0,1"
1266,"0,4,1,3,6,2,5,0,2,6,6,1,1,0,2,3,5,4,5,6"
1267,"4,3,6,4,1,5,4,2,4,0,3,2,5,1,5,4,1,2,4,6"
1268,"1,3,1,2,4,1,4,5,2,2,1,0,3,6,0,2,5,6,6,1"
1269,"3,1,2,2,3,6,6,2,5,3,4,2,2,0,0,4,4,3,0,0"
1270,"5,6,0,3,6,2,0,3,0,5,0,1,6,0,1,4,1,2,2,2"
1271,"6,3,2,5,0,0,5,6,0,4,2,0,3,3,0,3,5,2,0,2"
1272,"4,2,6,6,1,4,0,4,2,0,4,0,0,2,5,1,6,1,1,5"
1273,"0,0,1,6,3,2,0,1,6,2,1,0,2,4,2,6,3,4,2,5"
1274,"5,0,4,1,4,0,3,1,0,4,6,6,4,3,5,3,6,6,5,4"
1275,"5,6,2,6,0,1,3,5,2,4,3,6,4,1,2,1,4,2,3,4"
1276,"4,3,3,6,3,0,6,1,6,1,2,3,5,3,0,5,1,4,6,3"
1277,"6,3,4,3,2,6,3,4,2,3,2,2,5,0,1,6,2,2,5,2"
1278,"0,1,3,2,0,0,3,5,2,6,3,0,0,1,5,6,2,0,6,1"
1279,"2,5,1,0,2,6,0,1,0,1,0,0,0,0,5,6,2,6,6,5"
1280,"0,1,4,3,5,2,4,4,5,6,3,1,0,4,3,0,0,6,6,1"
1281,"0,5,3,2,4,6,2,5,6,6,1,0,3,3,3,1,0,3,1,2"
1282,"3,2,6,3,6,4,6,6,5,4,0,5,0,5,6,5,2,5,0,5"
1283,"6,0,4,4,3,6,3,3,0,2,1,4,1,2,5,5,1,1,1,2"
1284,"0,2,2,4,1,5,6,0,0,4,3,0,1,0,4,1,0,0,2,2"
1285,"6,6,6,4,0,2,4,0,3,4,2,4,5,1,3,1,0,6,5,4"
1286,"4,6,3,6,1,4,0,1,2,2,6,0,1,6,5,0,1,2,4,1"
1287,"1,6,0,2,4,4,6,2,1,0,6,2,5,3,1,6,1,1,6,0"
1288,"3,2,0,4,6,1,4,6,3,4,6,2,5,0,6,0,4,2,5,5"
1289,"1,1,4,4,2,3,2,2,1,0,5,3,0,1,6,0,6,2,3,0"
1290,"5,5,2,3,5,3,5,0,3,5,4,3,1,4,2,0,0,0,5,3"
1291,"3,5,0,6,6,3,3,0,6,1,6,5,5,6,4,0,5,1,4,2"
1292,"2,5,1,1,6,0,1,6,6,0,3,5,5,0,5,1,3,2,4,4"
1293,"4,0,5,2,5,3,0,4,6,1,2,3,3,6,6,0,4,6,5,5"
1294,"4,5,2,5,6,5,2,4,5,2,2,2,5,4,6,4,5,2,4,0"
1295,"0,5,1,5,1,5,3,6,4,6,1,6,3,6,5,0,1,4,0,6"
1296,"1,0,0,5,4,0,4,3,6,6,1,1,1,0,2,3,2,3,5,6"
1297,"1,5,1,3,1,4,0,1,1,4,5,5,6,2,6,2,2,6,4,6"
1298,"6,3,5,3,2,2,4,5,4,0,5,2,0,1,6,5,6,5,5,3"
1299,"0,1,1,5,6,6,2,2,4,0,0,0,4,0,0,4,5,5,5,0"
1300,"0,1,6,4,0,4,5,6,5,0,2,1,4,4,6,5,0,3,1,5"
1301,"6,2,5,1,2,1,5,3,2,4,6,3,0,0,3,1,1,6,2,3"
1302,"4,1,6,0,3,1,4,6,6,2,4,6,4,2,1,5,0,4,6,4"
1303,"6,6,6,6,2,0,0,2,0,3,2,4,2,0,1,6,6,6,6,0"
1304,"1,6,5,3,5,6,5,6,2,1,4,2,1,1,6,2,2,2,2,6"
1305,"3,5,3,2,0,4,2,4,2,0,2,0,6,0,5,3,2,6,6,4"
1306,"1,4,2,3,2,1,6,5,3,2,2,6,5,5,3,6,2,1,3,4"
1307,"0,2,0,2,4,2,6,3,5,5,4,2,5,5,3,6,3,4,1,3"
1308,"5,1,4,6,4,6,5,6,4,5,0,2,3,6,1,4,3,6,6,3"
1309,"0,0,3,1,2,2,2,1,0,3,2,2,2,6,0,4,6,3,6,5"
1310,"6,2,1,0,6,1,4,5,6,0,0,0,6,6,5,6,3,3,1,2"
1311,"4,1,3,6,6,4,5,1,1,5,5,4,2,2,3,3,2,2,4,4"
1312,"3,1,6,3,3,6,4,0,5,6,1,1,0,5,4,0,3,5,2,2"
1313,"5,5,4,6,2,1,6,3,6,3,3,2,3,6,0,5,3,4,3,0"
1314,"2,4,2,6,1,1,5,2,1,2,6,4,1,2,1,2,5,6,5,4"
1315,"6,3,6,1,0,2,0,5,3,0,3,3,3,1,2,6,4,1,4,2"
1316,"1,3,6,5,1,4,3,1,1,2,4,2,3,5,4,0,4,0,3,5"
1317,"6,4,6,4,0,2,0,1,0,0,6,0,1,4,3,0,1,0,1,6"
1318,"3,0,3,0,6,2,6,0,4,5,5,1,3,6,4,0,3,5,3,6"
1319,"3,6,4,5,0,4,4,4,4,5,1,0,3,6,1,6,4,6,3,0"
1320,"4,3,6,4,3,0,0,4,3,2,5,3,3,3,0,0,2,0,1,0"
1321,"3,2,1,0,6,5,2,5,6,3,1,0,3,4,6,1,5,4,3,5"
1322,"6,2,4,2,4,2,4,5,6,6,6,2,6,1,6,1,6,3,3,1"
1323,"5,0,5,5,4,5,3,0,6,0,3,3,3,5,2,6,0,3,0,3"
1324,"2,3,1,1,3,5,2,2,2,0,6,2,6,3,0,5,4,1,4,5"
1325,"0,1,3,0,2,0,6,2,5,5,4,5,0,2,5,0,1,1,6,1"
1326,"6,3,4,5,1,5,5,5,6,4,0,2,1,4,1,5,5,1,2,1"
1327,"4,5,1,3,3,2,2,6,2,0,2,0,5,2,2,0,0,1,4,1"
1328,"1,0,3,3,5,6,2,6,3,4,2,4,4,0,6,0,1,2,3,3"
1329,"3,3,6,5,5,3,3,6,5,1,6,2,0,2,0,1,0,6,5,4"
1330,"5,2,0,6,2,0,4,0,3,4,1,5,3,5,6,0,0,5,3,1"
1331,"3,0,6,5,1,6,2,1,5,3,4,1,2,5,4,1,2,1,2,1"
1332,"5,6,2,1,6,1,5,2,0,3,0,2,1,3,5,3,0,4,4,1"
1333,"3,5,0,6,2,4,3,4,1,3,5,5,4,5,2,0,5,0,4,3"
1334,"3,2,2,4,2,3,6,2,0,2,4,4,3,1,1,2,4,6,6,6"
1335,"3,3,4,0,1,5,4,2,4,6,6,4,1,5,1,1,1,2,2,0"
1336,"0,6,6,2,0,6,2,5,4,1,1,2,5,0,2,3,1,6,6,5"
1337,"5,4,6,1,3,5,2,2,2,1,2,2,4,4,1,0,1,3,5,4"
1338,"4,2,4,0,3,2,1,4,5,6,5,1,0,4,6,4,0,0,4,4"
1339,"1,1,5,6,6,5,3,4,1,5,5,1,6,1,6,4,0,4,4,3"
1340,"4,5,6,3,2,2,5,4,6,4,4,1,6,6,5,1,3,4,2,2"
1341,"3,1,5,1,5,1,4,4,2,4,2,1,6,2,3,0,5,0,3,3"
1342,"6,3,1,4,4,0,0,3,4,5,5,3,5,6,3,4,3,0,6,0"
1343,"3,5,6,5,4,3,6,1,4,6,5,0,0,2,5,5,2,6,0,3"
1344,"3,4,2,4,4,4,3,1,0,5,1,3,1,0,6,1,0,4,2,6"
1345,"0,1,3,5,2,0,5,0,6,5,0,0,6,0,1,3,1,6,1,3"
1346,"4,0,3,4,0,4,2,6,2,1,2,3,6,0,5,6,5,4,2,0"
1347,"1,6,2,1,3,4,5,0,1,6,1,5,5,2,1,0,1,4,5,2"
1348,"1,4,6,4,2,4,5,3,5,6,0,6,4,1,3,1,0,4,1,4"
1349,"4,5,2,0,0,4,1,2,2,3,2,4,5,0,1,0,1,4,2,5"
1350,"6,3,4,0,5,2,2,4,1,2,4,1,4,3,3,1,6,5,0,4"
1351,"2,6,1,6,1,4,6,5,1,2,5,3,6,5,4,4,6,3,2,4"
1352,"1,5,2,5,5,2,0,4,0,6,5,2,0,2,6,5,2,3,4,2"
1353,"2,1,1,3,3,0,3,4,4,6,1,0,1,3,0,2,5,4,2,3"
1354,"1,0,5,3,2,6,0,0,6,4,2,1,6,2,5,4,0,2,0,6"
1355,"5,0,2,5,3,6,3,2,2,0,0,3,0,2,4,3,3,6,6,6"
1356,"4,1,1,1,5,2,5,6,3,1,3,6,2,0,1,2,2,3,6,1"
1357,"4,3,1,5,2,0,0,1,4,1,3,3,1,5,2,3,0,4,5,6"
1358,"2,6,6,5,0,5,3,2,1,6,3,2,3,6,5,1,2,1,2,0"
1359,"4,2,4,0,5,6,3,6,4,2,2,6,2,3,2,1,5,6,3,5"
1360,"6,5,2,5,4,0,6,6,6,4,0,6,0,4,4,2,0,1,1,5"
1361,"5,4,1,6,0,6,5,1,6,6,4,1,3,4,3,1,6,2,0,4"
1362,"3,3,6,0,6,0,2,6,4,6,1,3,1,1,0,3,5,1,4,1"
1363,"4,6,2,4,3,6,2,5,0,4,1,1,6,2,0,3,0,6,6,5"
1364,"5,5,0,2,6,5,0,0,0,6,0,2,6,4,6,1,0,1,6,4"
1365,"4,0,1,3,6,3,1,5,2,5,6,2,0,6,5,3,1,5,4,5"
1366,"5,6,5,2,3,4,4,4,1,6,3,2,6,3,2,6,0,5,4,1"
1367,"1,3,5,3,6,3,5,0,6,2,6,3,1,6,2,2,4,0,6,0"
1368,"5,0,6,3,0,3,2,0,5,2,1,2,2,3,2,1,2,0,6,6"
1369,"6,1,0,4,0,1,3,2,0,0,0,3,3,2,6,1,5,2,1,4"
1370,"1,2,2,5,0,6,3,6,2,5,2,0,1,2,3,6,1,5,3,1"
1371,"4,1,1,4,3,2,4,1,4,6,4,4,4,2,6,6,3,0,2,2"
1372,"5,3,6,5,2,6,3,4,2,5,2,6,2,1,1,0,5,4,5,5"
1373,"0,5,5,3,0,2,4,1,5,0,6,1,0,4,4,2,4,2,4,4"
1374,"4,2,4,3,3,4,1,6,4,4,3,1,6,0,5,2,3,1,5,2"
1375,"1,5,0,0,0,3,1,5,1,6,2,5,0,5,2,3,2,5,1,4"
1376,"2,6,2,1,6,5,5,3,3,6,1,5,0,6,3,1,3,0,2,4"
1377,"0,0,4,6,0,2,2,5,2,3,0,3,0,0,3,0,6,3,3,0"
1378,"2,6,4,4,1,2,1,6,4,2,6,1,4,6,4,6,3,2,3,3"
1379,"6,4,0,4,5,2,2,3,2,5,0,5,6,1,5,1,2,6,5,1"
1380,"3,2,0,6,0,5,3,4,6,2,4,5,4,2,6,0,0,0,2,3"
1381,"2,5,4,1,1,3,0,1,0,6,4,3,2,3,6,0,1,1,5,0"
1382,"0,4,2,2,6,0,6,4,6,0,0,5,5,6,0,2,0,4,4,5"
1383,"3,6,4,1,6,3,4,4,2,1,1,5,1,2,3,2,2,4,0,0"
1384,"4,6,2,0,5,2,5,0,5,4,1,1,4,5,1,1,3,6,2,3"
1385,"2,6,0,4,5,0,2,4,1,5,5,1,5,2,3,4,3,3,0,1"
1386,"1,3,1,0,2,1,5,0,6,4,6,3,6,3,3,2,0,5,3,5"
1387,"2,3,5,0,3,6,2,3,0,0,6,1,2,3,6,6,4,5,3,0"
1388,"2,0,3,1,5,6,6,6,2,4,4,6,5,1,3,0,1,1,1,0"
1389,"2,6,2,4,0,4,0,5,5,1,6,6,0,2,4,5,4,0,0,1"
1390,"1,2,2,1,3,5,4,3,6,6,6,5,1,1,3,3,1,4,3,0"
1391,"2,3,4,5,5,3,3,3,1,5,5,2,0,4,0,3,2,1,2,3"
1392,"0,2,3,0,5,4,5,6,5,2,4,5,1,5,6,2,1,5,3,1"
1393,"5,2,3,2,0,0,5,6,1,1,4,1,5,5,6,2,6,6,4,5"
1394,"3,2,3,2,3,3,2,4,6,4,2,5,4,6,4,3,6,1,4,0"
1395,"3,3,2,5,3,1,1,3,2,0,3,0,6,1,0,5,0,2,4,2"
1396,"1,4,1,1,1,4,3,6,5,4,0,3,1,3,4,6,4,4,3,3"
1397,"6,2,4,2,1,2,2,3,0,2,3,0,2,4,2,2,0,1,0,5"
1398,"3,1,3,0,6,6,1,2,6,2,2,4,6,2,3,3,3,5,4,1"
1399,"2,0,5,0,0,1,3,2,4,6,6,0,5,3,5,4,4,2,2,5"
1400,"2,6,0,6,3,2,0,5,3,0,5,5,3,1,3,5,5,5,4,5"
1401,"3,2,2,3,6,0,5,2,1,2,4,5,1,5,0,5,3,6,1,4"
1402,"4,1,3,3,4,1,1,4,5,0,1,4,5,1,4,6,6,4,1,5"
1403,"0,1,4,4,3,1,6,6,0,6,5,3,5,5,3,2,4,4,3,4"
1404,"2,3,3,1,4,1,2,0,1,4,2,1,6,3,0,1,6,1,0,1"
1405,"1,6,3,2,0,3,0,6,2,4,5,2,0,3,6,4,1,6,2,0"
1406,"2,5,0,6,3,1,0,5,4,1,0,6,2,6,1,4,3,3,4,1"
1407,"0,3,5,2,3,2,0,2,1,6,1,4,1,0,3,6,5,3,1,1"
1408,"4,0,6,3,5,3,0,0,0,5,5,4,3,2,2,1,4,0,0,6"
1409,"6,0,2,6,0,0,1,2,0,1,3,4,3,2,6,5,2,5,3,1"
1410,"0,0,6,1,5,1,6,0,2,1,1,4,1,1,1,1,1,0,1,6"
1411,"6,4,4,0,5,6,3,2,5,0,3,5,4,4,4,2,1,3,2,6"
1412,"5,5,4,6,5,4,5,0,5,6,1,5,2,5,0,1,5,2,2,3"
1413,"1,3,0,3,2,4,5,6,3,1,4,3,0,2,3,2,6,1,0,2"
1414,"3,5,5,3,1,5,1,5,6,1,6,0,3,4,5,1,0,3,6,6"
1415,"0,6,5,5,3,5,0,4,0,2,0,4,5,1,0,0,1,4,2,3"
1416,"0,4,1,5,1,1,1,3,2,2,0,4,0,3,0,1,2,2,4,0"
1417,"0,6,0,3,5,3,3,3,3,6,1,3,5,5,2,0,6,3,2,4"
1418,"1,0,1,1,1,3,4,3,4,6,4,5,2,0,5,2,1,3,2,3"
1419,"1,1,3,2,1,2,4,6,2,6,4,6,3,1,6,0,2,0,1,5"
1420,"0,6,4,0,5,4,6,0,6,1,6,5,4,3,3,2,1,1,3,4"
1421,"1,6,5,2,2,3,0,6,3,0,3,4,2,1,1,0,6,1,2,2"
1422,"6,2,2,4,5,4,1,4,3,6,3,4,1,6,2,1,6,6,5,1"
1423,"1,6,4,0,0,3,0,2,4,5,3,0,5,4,2,3,6,0,1,0"
1424,"0,1,5,0,6,5,4,2,0,1,3,3,3,0,0,0,6,1,0,1"
1425,"2,4,4,6,1,0,1,3,5,6,4,2,6,5,0,4,6,3,1,0"
1426,"4,4,1,6,6,3,0,6,5,1,4,1,3,1,0,2,5,1,0,5"
1427,"6,4,6,6,3,0,4,3,3,6,0,3,2,6,1,0,6,0,5,1"
1428,"1,4,5,5,3,0,0,3,5,5,6,6,5,3,5,3,4,1,4,2"
1429,"2,6,6,0,4,4,6,0,4,1,4,2,0,5,4,0,5,3,1,1"
1430,"5,6,5,6,2,1,1,4,0,3,0,4,6,3,0,1,4,4,2,0"
1431,"4,5,6,4,0,6,2,0,4,1,5,5,3,2,0,4,0,6,4,6"
1432,"2,5,6,0,6,4,3,1,5,6,1,2,2,2,5,6,4,2,4,3"
1433,"2,5,3,4,0,2,3,0,3,5,5,4,5,3,0,5,1,1,4,6"
1434,"3,0,1,1,5,4,1,4,3,5,3,4,2,4,5,5,4,5,4,1"
1435,"3,6,5,4,3,2,4,4,5,6,5,2,3,4,5,4,3,6,1,4"
1436,"0,5,6,3,4,5,5,4,4,2,1,6,3,2,6,1,1,0,4,0"
1437,"4,0,2,3,1,2,6,6,1,1,1,6,4,6,5,2,2,5,3,4"
1438,"0,1,1,2,4,1,5,0,0,0,0,6,6,3,0,0,4,0,6,5"
1439,"1,3,5,2,0,6,1,2,0,2,0,3,3,4,3,1,2,1,3,6"
1440,"0,5,4,5,6,2,3,5,3,1,6,6,3,6,5,5,1,6,6,5"
1441,"4,2,1,3,6,6,0,6,6,2,1,3,2,1,1,5,4,2,4,3"
1442,"6,1,4,4,6,3,6,1,2,1,3,1,5,3,4,3,3,4,2,6"
1443,"0,6,1,4,6,2,0,2,2,4,0,4,2,6,4,4,4,3,2,4"
1444,"2,1,5,4,3,3,6,5,4,2,3,0,2,0,2,0,3,2,3,6"
1445,"3,6,5,1,2,1,4,6,3,6,2,6,5,1,3,3,1,5,4,3"
1446,"1,1,0,4,4,2,3,1,4,5,4,4,6,6,6,6,6,0,3,0"
1447,"1,6,2,3,1,5,5,2,6,2,5,6,0,5,6,0,2,0,2,6"
1448,"1,3,1,5,3,3,3,1,5,5,0,0,0,1,1,1,6,6,1,5"
1449,"1,1,6,6,1,4,6,0,1,2,3,6,3,6,1,6,1,3,4,4"
1450,"0,4,6,4,3,3,3,3,5,6,4,1,0,4,5,1,0,3,4,0"
1451,"5,1,1,4,3,1,2,2,4,3,0,5,3,3,4,1,2,3,0,1"
1452,"1,2,5,4,0,1,3,2,2,1,5,0,6,4,1,4,6,6,3,1"
1453,"2,6,1,0,5,0,6,1,2,4,6,4,3,4,5,2,5,1,5,6"
1454,"1,6,5,1,0,3,3,3,3,4,4,0,3,4,3,2,3,2,5,3"
1455,"4,0,1,0,4,3,5,6,6,4,6,6,4,5,4,1,2,3,1,3"
1456,"0,0,0,1,1,4,2,4,5,4,4,1,3,2,4,0,6,6,4,0"
1457,"0,3,2,1,1,2,1,6,4,3,5,2,1,3,1,5,3,6,4,4"
1458,"4,2,4,5,5,0,5,3,1,5,6,6,5,1,5,5,3,4,2,6"
1459,"0,1,1,5,4,5,0,6,2,6,3,6,6,4,5,6,5,2,4,6"
1460,"6,5,1,5,3,2,3,4,5,5,4,4,3,6,4,6,3,1,2,1"
1461,"3,5,3,1,6,2,5,4,1,5,3,5,0,3,1,1,3,4,2,4"
1462,"0,3,2,1,1,2,1,2,3,1,6,1,0,2,6,2,6,1,3,2"
1463,"6,5,1,0,3,1,2,0,6,3,2,4,1,6,5,1,5,2,6,1"
1464,"2,5,6,3,4,1,6,4,2,0,6,5,5,5,5,1,4,4,1,6"
1465,"3,2,1,0,6,5,5,3,0,2,6,3,5,2,1,6,3,0,0,5"
1466,"5,5,2,4,1,0,4,2,4,4,4,0,3,1,3,3,4,5,6,6"
1467,"3,3,2,0,3,0,6,4,6,0,3,2,1,4,1,4,5,1,1,4"
1468,"3,5,4,0,4,5,5,2,0,4,2,0,1,1,5,3,3,4,5,5"
1469,"0,1,4,6,4,4,0,3,4,2,1,6,0,2,4,4,0,1,6,5"
1470,"5,4,5,5,1,0,0,2,3,3,4,1,6,2,2,4,6,5,4,1"
1471,"1,6,4,0,3,0,2,6,4,0,4,4,0,1,3,6,4,0,4,0"
1472,"2,3,5,5,2,0,4,4,1,1,6,4,4,6,5,5,3,5,1,6"
1473,"1,5,3,4,2,4,6,1,3,1,0,3,1,1,4,3,2,6,2,4"
1474,"1,5,5,4,1,3,1,4,1,4,1,4,6,4,4,1,1,2,3,3"
1475,"0,3,3,5,1,2,1,4,5,3,5,6,3,6,1,0,3,0,2,1"
1476,"3,3,6,2,1,0,3,0,3,6,2,1,2,5,1,6,0,2,0,4"
1477,"3,6,1,6,6,3,4,2,6,4,6,4,5,1,6,2,2,0,4,1"
1478,"5,6,5,5,1,4,0,3,6,6,2,6,4,0,2,5,5,3,5,4"
1479,"5,5,1,5,1,4,0,1,4,6,5,3,6,5,3,5,6,6,1,5"
1480,"5,0,0,0,6,2,6,2,3,4,1,0,0,0,3,0,1,0,2,6"
1481,"2,1,2,6,3,4,2,1,1,6,2,2,4,5,3,3,1,5,6,3"
1482,"3,3,6,5,1,1,4,0,1,6,1,2,2,4,0,4,5,2,3,4"
1483,"5,6,1,6,5,5,0,6,3,3,0,6,6,2,6,4,0,0,5,5"
1484,"4,5,3,1,4,4,1,1,6,5,1,6,6,0,6,5,1,6,2,2"
1485,"1,1,4,3,3,6,6,6,5,5,0,6,6,0,1,1,4,1,5,0"
1486,"5,4,0,6,5,4,5,0,1,6,0,1,0,5,2,1,0,1,5,3"
1487,"3,3,3,0,4,6,0,5,2,6,5,1,5,3,2,2,3,6,2,4"
1488,"3,3,3,0,1,1,5,5,3,1,3,0,6,2,0,6,2,2,4,4"
1489,"0,3,3,0,5,4,4,5,4,0,6,5,0,2,4,2,1,1,5,2"
1490,"6,3,2,0,2,5,2,2,1,5,6,6,5,4,2,1,0,1,1,3"
1491,"4,5,6,6,3,5,6,6,3,4,4,0,4,2,2,1,6,5,1,6"
1492,"2,6,6,0,5,3,4,1,6,6,1,4,3,6,3,3,0,1,3,0"
1493,"6,6,2,5,3,4,0,1,1,6,1,1,2,3,1,0,6,1,1,4"
1494,"2,3,3,6,2,4,0,2,3,5,0,6,4,2,3,6,6,2,0,1"
1495,"2,4,1,4,5,0,1,0,5,0,0,1,2,0,1,4,5,5,4,4"
1496,"2,1,2,6,0,1,1,4,6,4,3,0,0,2,6,2,4,2,5,2"
1497,"3,3,2,5,1,5,6,0,2,6,1,0,0,0,1,0,2,3,3,1"
1498,"5,4,6,0,1,1,2,0,1,0,6,2,6,1,1,5,5,6,0,5"
1499,"3,2,1,0,0,3,0,3,0,4,5,3,5,3,2,3,5,2,3,6"
